-- DML

-- 1)TABLE: author

INSERT INTO school_lib.author
(author_id, author_name)
VALUES(1, 'Gerry Walker');
INSERT INTO school_lib.author
(author_id, author_name)
VALUES(2, 'Chauncey O''Keefe');
INSERT INTO school_lib.author
(author_id, author_name)
VALUES(3, 'Dr. Vanessa Cassin PhD');
INSERT INTO school_lib.author
(author_id, author_name)
VALUES(4, 'Bella Ledner');
INSERT INTO school_lib.author
(author_id, author_name)
VALUES(5, 'Korey O''Conner IV');
INSERT INTO school_lib.author
(author_id, author_name)
VALUES(6, 'Trudie Stoltenberg');
INSERT INTO school_lib.author
(author_id, author_name)
VALUES(7, 'Yasmin Kuhn DDS');
INSERT INTO school_lib.author
(author_id, author_name)
VALUES(8, 'Ashlee Conroy');
INSERT INTO school_lib.author
(author_id, author_name)
VALUES(9, 'Katheryn Eichmann');
INSERT INTO school_lib.author
(author_id, author_name)
VALUES(10, 'Pauline Little');
INSERT INTO school_lib.author
(author_id, author_name)
VALUES(11, 'Prof. Sallie Kerluke');
INSERT INTO school_lib.author
(author_id, author_name)
VALUES(12, 'Dr. Bailey Lynch IV');
INSERT INTO school_lib.author
(author_id, author_name)
VALUES(13, 'Humberto Schulist');
INSERT INTO school_lib.author
(author_id, author_name)
VALUES(14, 'Zane Mitchell');
INSERT INTO school_lib.author
(author_id, author_name)
VALUES(15, 'Oliver Stark II');
INSERT INTO school_lib.author
(author_id, author_name)
VALUES(16, 'Rashawn Heller');
INSERT INTO school_lib.author
(author_id, author_name)
VALUES(17, 'Prof. Darrel Reilly');
INSERT INTO school_lib.author
(author_id, author_name)
VALUES(18, 'Corrine Shields');
INSERT INTO school_lib.author
(author_id, author_name)
VALUES(19, 'Dr. Randall Wehner');
INSERT INTO school_lib.author
(author_id, author_name)
VALUES(20, 'Prof. Rebeka Murphy');
INSERT INTO school_lib.author
(author_id, author_name)
VALUES(21, 'Miss Luna Nolan');
INSERT INTO school_lib.author
(author_id, author_name)
VALUES(22, 'Cynthia Little');
INSERT INTO school_lib.author
(author_id, author_name)
VALUES(23, 'Dr. Eddie Carter');
INSERT INTO school_lib.author
(author_id, author_name)
VALUES(24, 'Brody Parisian');
INSERT INTO school_lib.author
(author_id, author_name)
VALUES(25, 'Dena Gislason');
INSERT INTO school_lib.author
(author_id, author_name)
VALUES(26, 'Vanessa Mueller');
INSERT INTO school_lib.author
(author_id, author_name)
VALUES(27, 'Gilda Abernathy MD');
INSERT INTO school_lib.author
(author_id, author_name)
VALUES(28, 'Claud Ward');
INSERT INTO school_lib.author
(author_id, author_name)
VALUES(29, 'Prof. Malcolm Bradtke Sr.');
INSERT INTO school_lib.author
(author_id, author_name)
VALUES(30, 'America Mann');
INSERT INTO school_lib.author
(author_id, author_name)
VALUES(31, 'Mr. Gaetano Hartmann Sr.');
INSERT INTO school_lib.author
(author_id, author_name)
VALUES(32, 'Alf Carroll');
INSERT INTO school_lib.author
(author_id, author_name)
VALUES(33, 'Eriberto Fay Jr.');
INSERT INTO school_lib.author
(author_id, author_name)
VALUES(34, 'Deontae Von');
INSERT INTO school_lib.author
(author_id, author_name)
VALUES(35, 'Maia Larkin');
INSERT INTO school_lib.author
(author_id, author_name)
VALUES(36, 'Genesis Greenholt');
INSERT INTO school_lib.author
(author_id, author_name)
VALUES(37, 'Stacy Jones');
INSERT INTO school_lib.author
(author_id, author_name)
VALUES(38, 'Freeman Ondricka');
INSERT INTO school_lib.author
(author_id, author_name)
VALUES(39, 'Althea Hessel');
INSERT INTO school_lib.author
(author_id, author_name)
VALUES(40, 'Nakia Grimes');
INSERT INTO school_lib.author
(author_id, author_name)
VALUES(41, 'Ubaldo Hackett III');
INSERT INTO school_lib.author
(author_id, author_name)
VALUES(42, 'Eda Veum');
INSERT INTO school_lib.author
(author_id, author_name)
VALUES(43, 'Reva Schaden');
INSERT INTO school_lib.author
(author_id, author_name)
VALUES(44, 'Alberta Hahn');
INSERT INTO school_lib.author
(author_id, author_name)
VALUES(45, 'Guadalupe Grant Sr.');
INSERT INTO school_lib.author
(author_id, author_name)
VALUES(46, 'Prof. Sabrina Heller');
INSERT INTO school_lib.author
(author_id, author_name)
VALUES(47, 'Mrs. Pearlie Kling IV');
INSERT INTO school_lib.author
(author_id, author_name)
VALUES(48, 'Prof. Iva Rohan');
INSERT INTO school_lib.author
(author_id, author_name)
VALUES(49, 'Prof. Jesus Waters');
INSERT INTO school_lib.author
(author_id, author_name)
VALUES(50, 'Eric Goldner');
INSERT INTO school_lib.author
(author_id, author_name)
VALUES(51, 'Leo Gutkowski');
INSERT INTO school_lib.author
(author_id, author_name)
VALUES(52, 'Cassandre Welch DDS');
INSERT INTO school_lib.author
(author_id, author_name)
VALUES(53, 'Tyrel O''Keefe');
INSERT INTO school_lib.author
(author_id, author_name)
VALUES(54, 'Carolanne Veum');
INSERT INTO school_lib.author
(author_id, author_name)
VALUES(55, 'Chloe Breitenberg');
INSERT INTO school_lib.author
(author_id, author_name)
VALUES(56, 'Pascale Kemmer');
INSERT INTO school_lib.author
(author_id, author_name)
VALUES(57, 'Allan Gerhold');
INSERT INTO school_lib.author
(author_id, author_name)
VALUES(58, 'Ofelia Bogisich');
INSERT INTO school_lib.author
(author_id, author_name)
VALUES(59, 'Bo Herzog');
INSERT INTO school_lib.author
(author_id, author_name)
VALUES(60, 'Ms. Erna Lynch');
INSERT INTO school_lib.author
(author_id, author_name)
VALUES(61, 'Al Denesik');
INSERT INTO school_lib.author
(author_id, author_name)
VALUES(62, 'Emmett Langworth IV');
INSERT INTO school_lib.author
(author_id, author_name)
VALUES(63, 'Dr. Brittany Jaskolski');
INSERT INTO school_lib.author
(author_id, author_name)
VALUES(64, 'Mrs. Kianna Friesen III');
INSERT INTO school_lib.author
(author_id, author_name)
VALUES(65, 'Penelope Pouros');
INSERT INTO school_lib.author
(author_id, author_name)
VALUES(66, 'Aida Nader');
INSERT INTO school_lib.author
(author_id, author_name)
VALUES(67, 'Ari Sporer');
INSERT INTO school_lib.author
(author_id, author_name)
VALUES(68, 'Dr. Felton Fritsch MD');
INSERT INTO school_lib.author
(author_id, author_name)
VALUES(69, 'Prof. Lucie Zulauf');
INSERT INTO school_lib.author
(author_id, author_name)
VALUES(70, 'Leatha Welch');
INSERT INTO school_lib.author
(author_id, author_name)
VALUES(71, 'Noe Paucek');
INSERT INTO school_lib.author
(author_id, author_name)
VALUES(72, 'Golda Flatley');
INSERT INTO school_lib.author
(author_id, author_name)
VALUES(73, 'Elvera Rowe');
INSERT INTO school_lib.author
(author_id, author_name)
VALUES(74, 'Dr. Green O''Conner DVM');
INSERT INTO school_lib.author
(author_id, author_name)
VALUES(75, 'Priscilla Hammes');
INSERT INTO school_lib.author
(author_id, author_name)
VALUES(76, 'Syble Howe');
INSERT INTO school_lib.author
(author_id, author_name)
VALUES(77, 'Zula Ward');
INSERT INTO school_lib.author
(author_id, author_name)
VALUES(78, 'Dr. Fausto Wisoky Sr.');
INSERT INTO school_lib.author
(author_id, author_name)
VALUES(79, 'Buford Keeling');
INSERT INTO school_lib.author
(author_id, author_name)
VALUES(80, 'Cedrick Aufderhar Jr.');
INSERT INTO school_lib.author
(author_id, author_name)
VALUES(81, 'Dr. Hayden Okuneva DDS');
INSERT INTO school_lib.author
(author_id, author_name)
VALUES(82, 'Jayda Krajcik');
INSERT INTO school_lib.author
(author_id, author_name)
VALUES(83, 'Liliane Kutch Sr.');
INSERT INTO school_lib.author
(author_id, author_name)
VALUES(84, 'Gilbert Gislason');
INSERT INTO school_lib.author
(author_id, author_name)
VALUES(85, 'Thomas Rempel');
INSERT INTO school_lib.author
(author_id, author_name)
VALUES(86, 'Prof. Harrison Walter');
INSERT INTO school_lib.author
(author_id, author_name)
VALUES(87, 'Dr. Deangelo Jones');
INSERT INTO school_lib.author
(author_id, author_name)
VALUES(88, 'Jovany Ryan V');
INSERT INTO school_lib.author
(author_id, author_name)
VALUES(89, 'Harold Casper Jr.');
INSERT INTO school_lib.author
(author_id, author_name)
VALUES(90, 'Kaya Littel');
INSERT INTO school_lib.author
(author_id, author_name)
VALUES(91, 'Prof. Roma Rohan DVM');
INSERT INTO school_lib.author
(author_id, author_name)
VALUES(92, 'Brady Homenick');
INSERT INTO school_lib.author
(author_id, author_name)
VALUES(93, 'Jaime Hackett');
INSERT INTO school_lib.author
(author_id, author_name)
VALUES(94, 'Carol Fahey');
INSERT INTO school_lib.author
(author_id, author_name)
VALUES(95, 'Miss Claudie Prohaska MD');



-- 2)TABLE:book

INSERT INTO school_lib.book
(ISBN, title, publisher, num_pages, summary, num_copies, images, `language`, book_status)
VALUES(1071953916, 'at', 'O''Hara Ltd', 212, 'Ipsam mollitia ex odit dolor. In hic numquam ea eius sit beatae et.', 8, 0x68, 'it', 2);
INSERT INTO school_lib.book
(ISBN, title, publisher, num_pages, summary, num_copies, images, `language`, book_status)
VALUES(1086847964, 'et', 'Keebler-Abbott', 267, 'Quo iste earum deserunt ut nemo vel vel. Cum autem minima expedita et consequatur asperiores doloribus et. Quidem dolorem numquam eius tempora.', 13, 0x68, 'cn', 2);
INSERT INTO school_lib.book
(ISBN, title, publisher, num_pages, summary, num_copies, images, `language`, book_status)
VALUES(1146634707, 'nam', 'Bins Inc', 430, 'Placeat molestiae deleniti maxime. Omnis ipsam quis et delectus molestiae debitis harum suscipit. Sit doloribus est nostrum architecto sit nisi.', 14, 0x68, 'en', 2);
INSERT INTO school_lib.book
(ISBN, title, publisher, num_pages, summary, num_copies, images, `language`, book_status)
VALUES(1191406002, 'dolor', 'Connelly-Rolfson', 395, 'Doloribus quo praesentium eaque. Nemo aut sint suscipit. Voluptatum est excepturi exercitationem sequi provident voluptas quam. Aspernatur optio suscipit ab dolorem dolorem.', 12, 0x68, 'it', 2);
INSERT INTO school_lib.book
(ISBN, title, publisher, num_pages, summary, num_copies, images, `language`, book_status)
VALUES(1230423418, 'eligendi', 'Ritchie-Swift', 441, 'Illum necessitatibus iste occaecati accusamus inventore. Reprehenderit aut qui ut natus. Facilis ratione nobis ratione aliquam quo. Provident assumenda inventore similique omnis consequatur eos.', 7, 0x68, 'it', 2);
INSERT INTO school_lib.book
(ISBN, title, publisher, num_pages, summary, num_copies, images, `language`, book_status)
VALUES(1252364469, 'distinctio', 'Hermann, Ziemann and Hirthe', 180, 'Quis corrupti voluptate consequuntur nostrum sunt. Eius ea ea et aliquid fugit qui quasi nihil. Corporis aliquid cum minima. Aut enim id illum asperiores voluptas et magnam est.', 12, 0x68, 'es', 2);
INSERT INTO school_lib.book
(ISBN, title, publisher, num_pages, summary, num_copies, images, `language`, book_status)
VALUES(1279530422, 'minima', 'Mann-Von', 478, 'Consequatur dolor optio commodi dolores est nisi. Ducimus magnam qui perferendis voluptas fuga. Dolores minima praesentium nesciunt suscipit excepturi aut.', 8, 0x68, 'cn', 2);
INSERT INTO school_lib.book
(ISBN, title, publisher, num_pages, summary, num_copies, images, `language`, book_status)
VALUES(1373620112, 'magnam', 'Lakin, Rath and Spinka', 332, 'Omnis cumque laboriosam quasi recusandae omnis accusamus saepe. Est incidunt odio placeat ea cum. Assumenda et voluptatibus maxime corrupti accusantium. Labore porro voluptas voluptate repudiandae.', 8, 0x68, 'es', 2);
INSERT INTO school_lib.book
(ISBN, title, publisher, num_pages, summary, num_copies, images, `language`, book_status)
VALUES(1389010684, 'facere', 'Schneider Group', 323, 'Laborum perspiciatis in hic excepturi. Quo natus fugit quia ut. Hic est harum consequatur. Totam facere doloremque et consectetur quae aut sit libero.', 14, 0x68, 'it', 2);
INSERT INTO school_lib.book
(ISBN, title, publisher, num_pages, summary, num_copies, images, `language`, book_status)
VALUES(1413600512, 'sint', 'Schumm, Gutmann and Larson', 255, 'Optio earum voluptatibus praesentium quisquam dolores sint. Et odit culpa dolores fugiat totam. Itaque blanditiis consequatur at aut facere sit illum. Aut nemo blanditiis eos a consequatur eos enim. Molestias voluptate non qui quas fugiat qui deleniti.', 10, 0x68, 'fr', 2);
INSERT INTO school_lib.book
(ISBN, title, publisher, num_pages, summary, num_copies, images, `language`, book_status)
VALUES(1433321773, 'hic', 'Heaney-Harris', 219, 'Rerum in sunt sed consequatur sunt. Ratione totam commodi porro tempora.', 9, 0x68, 'fr', 2);
INSERT INTO school_lib.book
(ISBN, title, publisher, num_pages, summary, num_copies, images, `language`, book_status)
VALUES(1487567215, 'ipsam', 'McCullough-O''Reilly', 283, 'Quidem labore dolores corrupti et consequatur voluptas itaque. Qui accusantium quibusdam tempore aperiam accusantium. Sint dolores velit et incidunt delectus quis.', 15, 0x68, 'fr', 2);
INSERT INTO school_lib.book
(ISBN, title, publisher, num_pages, summary, num_copies, images, `language`, book_status)
VALUES(1565072107, 'rem', 'Mitchell-Greenfelder', 246, 'Molestias omnis officiis corrupti aspernatur accusantium in. Et et perferendis voluptas molestias adipisci officia. Omnis voluptatem natus dolor.', 5, 0x68, 'es', 2);
INSERT INTO school_lib.book
(ISBN, title, publisher, num_pages, summary, num_copies, images, `language`, book_status)
VALUES(1597754095, 'sed', 'Harvey-Rutherford', 418, 'Adipisci omnis facere praesentium minima sit voluptatibus. Nihil neque labore aut voluptatem. Nihil optio perspiciatis rem voluptas sit esse.', 8, 0x68, 'en', 2);
INSERT INTO school_lib.book
(ISBN, title, publisher, num_pages, summary, num_copies, images, `language`, book_status)
VALUES(1636263433, 'et', 'Schuster, Harris and Crona', 136, 'Saepe illum dolores aspernatur esse. Aut eum vero delectus.', 11, 0x68, 'pt', 2);
INSERT INTO school_lib.book
(ISBN, title, publisher, num_pages, summary, num_copies, images, `language`, book_status)
VALUES(1649301220, 'voluptatem', 'Fahey PLC', 263, 'Unde est et ratione sed ullam quo. Aspernatur voluptates aut tempore debitis dolorum libero. Rerum hic dolores eos est corporis est ut.', 7, 0x68, 'it', 2);
INSERT INTO school_lib.book
(ISBN, title, publisher, num_pages, summary, num_copies, images, `language`, book_status)
VALUES(1690705637, 'est', 'Ritchie LLC', 194, 'Accusantium corrupti vel perferendis distinctio laudantium. Minima expedita nobis dolore ab explicabo similique laboriosam. Voluptatem aut qui similique fuga odio totam voluptate libero. Tempore doloribus aut explicabo eligendi esse.', 8, 0x68, 'ru', 2);
INSERT INTO school_lib.book
(ISBN, title, publisher, num_pages, summary, num_copies, images, `language`, book_status)
VALUES(1734732728, 'eos', 'Schumm, Tremblay and Cremin', 285, 'Quibusdam et inventore consectetur expedita excepturi enim perferendis rerum. Dolor ut id quaerat quia maiores.', 9, 0x68, 'de', 2);
INSERT INTO school_lib.book
(ISBN, title, publisher, num_pages, summary, num_copies, images, `language`, book_status)
VALUES(1750578633, 'aut', 'Towne-Zemlak', 161, 'Est maxime magni provident omnis voluptatem voluptate. Exercitationem eligendi voluptate minima aut. Et explicabo illo eos sequi ut voluptatem. Doloribus exercitationem quis soluta voluptatem quo.', 6, 0x68, 'pt', 2);
INSERT INTO school_lib.book
(ISBN, title, publisher, num_pages, summary, num_copies, images, `language`, book_status)
VALUES(1769821979, 'consequatur', 'Powlowski Ltd', 146, 'Vel et assumenda libero. Dolores et mollitia vitae minima est. Quasi earum eum officia eaque exercitationem et est.', 9, 0x68, 'pt', 2);
INSERT INTO school_lib.book
(ISBN, title, publisher, num_pages, summary, num_copies, images, `language`, book_status)
VALUES(1792088863, 'delectus', 'Streich-Kutch', 131, 'Vitae iusto ratione harum et enim quae est. Assumenda qui quisquam nihil neque voluptatem ullam veritatis. Ab ratione quasi nam qui et soluta. Consequuntur iste enim unde itaque.', 15, 0x68, 'pt', 2);
INSERT INTO school_lib.book
(ISBN, title, publisher, num_pages, summary, num_copies, images, `language`, book_status)
VALUES(1881029380, 'perferendis', 'Hoppe LLC', 287, 'Veritatis aut aspernatur quis voluptate facere molestiae. Facere quo rerum et dolor modi. Occaecati officia facere atque eveniet sed laboriosam minima. Totam repudiandae voluptatem asperiores maxime ut occaecati animi. Voluptates tempora explicabo sit quas.', 7, 0x68, 'cn', 2);
INSERT INTO school_lib.book
(ISBN, title, publisher, num_pages, summary, num_copies, images, `language`, book_status)
VALUES(1887691000, 'suscipit', 'Kertzmann, Rath and Towne', 124, 'Unde consequatur dicta non omnis nemo beatae non. Reprehenderit eos deserunt aperiam accusamus iste provident iusto id. Repudiandae exercitationem voluptates ex molestiae officia doloribus. Eum modi enim doloremque quae.', 9, 0x68, 'de', 2);
INSERT INTO school_lib.book
(ISBN, title, publisher, num_pages, summary, num_copies, images, `language`, book_status)
VALUES(1901021427, 'reiciendis', 'Rogahn Group', 227, 'Dolore rerum et voluptatem cupiditate autem. Tempore praesentium quibusdam rerum voluptate quia consequuntur deserunt. Libero ut est similique atque et tenetur itaque. Maxime incidunt aliquid accusantium tempore rerum beatae.', 7, 0x68, 'pt', 2);
INSERT INTO school_lib.book
(ISBN, title, publisher, num_pages, summary, num_copies, images, `language`, book_status)
VALUES(1906007459, 'et', 'Kilback, Luettgen and Rempel', 278, 'Et voluptatem maiores aliquam tenetur et doloribus. Et veritatis suscipit sit. Architecto eos cupiditate cupiditate quo exercitationem.', 13, 0x68, 'es', 2);
INSERT INTO school_lib.book
(ISBN, title, publisher, num_pages, summary, num_copies, images, `language`, book_status)
VALUES(1915803524, 'voluptatum', 'Thompson-Ondricka', 260, 'Impedit veniam architecto ut. Occaecati omnis odit vitae ad pariatur libero. Quasi eligendi possimus quia minus quis error. Nostrum tempore ut reiciendis perspiciatis.', 14, 0x68, 'de', 2);
INSERT INTO school_lib.book
(ISBN, title, publisher, num_pages, summary, num_copies, images, `language`, book_status)
VALUES(1917004279, 'et', 'Shanahan-Dickinson', 118, 'Sapiente similique harum fugiat itaque necessitatibus nobis excepturi. Ratione est voluptates sequi veniam impedit fuga. Similique repellat velit et harum consequatur explicabo odio. Dolorum corrupti temporibus earum temporibus.', 15, 0x68, 'it', 2);
INSERT INTO school_lib.book
(ISBN, title, publisher, num_pages, summary, num_copies, images, `language`, book_status)
VALUES(1963962468, 'quos', 'O''Conner, Rosenbaum and Bartoletti', 197, 'Ipsam sapiente illum omnis quibusdam aut porro. Veniam eveniet aut nam est suscipit quae. Ad labore eius optio vero fugit sequi inventore ad.', 7, 0x68, 'it', 2);
INSERT INTO school_lib.book
(ISBN, title, publisher, num_pages, summary, num_copies, images, `language`, book_status)
VALUES(2004872161, 'voluptatem', 'Hane, Batz and Kerluke', 285, 'Omnis culpa explicabo architecto dolorum. Et fugiat enim atque.', 9, 0x68, 'cn', 2);
INSERT INTO school_lib.book
(ISBN, title, publisher, num_pages, summary, num_copies, images, `language`, book_status)
VALUES(2010782732, 'qui', 'Gottlieb, O''Keefe and Stroman', 239, 'Rerum reiciendis voluptatem recusandae. Ducimus consequatur placeat illo aliquid aliquam laudantium maiores. Quia natus rerum quia cupiditate similique consequuntur. Dolore nesciunt dolorem quibusdam rerum officiis praesentium sit.', 11, 0x68, 'es', 2);
INSERT INTO school_lib.book
(ISBN, title, publisher, num_pages, summary, num_copies, images, `language`, book_status)
VALUES(2022488326, 'numquam', 'Kilback, Koelpin and Daniel', 433, 'Unde temporibus architecto tenetur fuga ut. Est illo est recusandae incidunt. Modi aut possimus dolores inventore ad. Consequatur perferendis iusto expedita alias qui amet. Quaerat enim modi suscipit voluptatibus dolor vel sint tempora.', 15, 0x68, 'pt', 2);
INSERT INTO school_lib.book
(ISBN, title, publisher, num_pages, summary, num_copies, images, `language`, book_status)
VALUES(2045083548, 'in', 'Hand PLC', 109, 'In et necessitatibus est quo autem iusto. Est voluptatum dignissimos dicta reprehenderit quidem illo. Nihil pariatur et error vel quibusdam sed repellendus veniam. Fuga voluptatum sunt cupiditate sapiente architecto omnis eaque.', 5, 0x68, 'es', 2);
INSERT INTO school_lib.book
(ISBN, title, publisher, num_pages, summary, num_copies, images, `language`, book_status)
VALUES(2074653865, 'ut', 'Cartwright, Abshire and Romaguera', 379, 'Dolores in porro quisquam et incidunt et consequatur et. Mollitia est fugit labore est perferendis. Illum est similique architecto omnis.', 5, 0x68, 'de', 2);
INSERT INTO school_lib.book
(ISBN, title, publisher, num_pages, summary, num_copies, images, `language`, book_status)
VALUES(2094614387, 'cumque', 'Blanda, Nicolas and Bogan', 453, 'Voluptatem eligendi maxime voluptatem consequatur. Eaque deserunt quia quis nam excepturi nostrum quis. Velit expedita cupiditate maiores eius sapiente totam autem mollitia. Et non sit facilis et delectus dicta placeat. At quia voluptatum aut ad explicabo.', 9, 0x68, 'it', 2);
INSERT INTO school_lib.book
(ISBN, title, publisher, num_pages, summary, num_copies, images, `language`, book_status)
VALUES(2117869043, 'eveniet', 'Spencer Inc', 134, 'Modi quia fugit in laborum voluptatem. Beatae voluptatem qui consequatur blanditiis. Velit eveniet eum ut rerum cum.', 11, 0x68, 'ru', 2);
INSERT INTO school_lib.book
(ISBN, title, publisher, num_pages, summary, num_copies, images, `language`, book_status)
VALUES(2134658685, 'molestiae', 'O''Connell, Spencer and Roberts', 429, 'Aut est doloribus necessitatibus omnis aut reiciendis aut. Placeat harum maiores et. Ut tenetur qui voluptatem et voluptatem voluptas. Beatae aut voluptatem minima eius sed.', 9, 0x68, 'ru', 2);
INSERT INTO school_lib.book
(ISBN, title, publisher, num_pages, summary, num_copies, images, `language`, book_status)
VALUES(2151394262, 'tenetur', 'Satterfield-Effertz', 156, 'Et aliquid aut neque iste impedit et repellat. Nulla recusandae praesentium molestias dolor rerum voluptates quaerat. Et dolores veritatis veniam consequatur distinctio repellendus nobis. Asperiores aut eveniet qui qui.', 9, 0x68, 'es', 2);
INSERT INTO school_lib.book
(ISBN, title, publisher, num_pages, summary, num_copies, images, `language`, book_status)
VALUES(2198073157, 'officiis', 'Collins LLC', 443, 'Deserunt amet ab beatae et aut. Et et dolorem non voluptatem quis suscipit. Atque dolore voluptatum qui officiis in. Ducimus et natus perferendis quis non adipisci sit.', 10, 0x68, 'pt', 2);
INSERT INTO school_lib.book
(ISBN, title, publisher, num_pages, summary, num_copies, images, `language`, book_status)
VALUES(2209232827, 'repellendus', 'Price, Watsica and Brown', 293, 'Sunt maxime id non voluptatem explicabo. Maiores ut maxime culpa reiciendis iure. Et sed possimus numquam voluptatem maiores. Consequuntur consequatur debitis laborum dolorem asperiores.', 11, 0x68, 'ru', 2);
INSERT INTO school_lib.book
(ISBN, title, publisher, num_pages, summary, num_copies, images, `language`, book_status)
VALUES(2290059243, 'quia', 'Upton-Sauer', 438, 'Minus veniam quos cupiditate nemo architecto qui. Aut ad impedit ea. Iure eum eius consequatur soluta. Vel distinctio exercitationem in id autem.', 15, 0x68, 'fr', 2);
INSERT INTO school_lib.book
(ISBN, title, publisher, num_pages, summary, num_copies, images, `language`, book_status)
VALUES(2339601579, 'laudantium', 'Sporer-Wisoky', 243, 'Nisi dolorum eius ex nihil. Explicabo iure aut adipisci adipisci error quia ipsa quia. Natus culpa vitae deleniti dignissimos voluptates provident quos. Delectus necessitatibus dolor temporibus cupiditate sit quos.', 8, 0x68, 'en', 2);
INSERT INTO school_lib.book
(ISBN, title, publisher, num_pages, summary, num_copies, images, `language`, book_status)
VALUES(2352019659, 'et', 'Gleichner Inc', 427, 'Asperiores aut alias est et est voluptatum pariatur. Quos repellat delectus et et ipsam totam. Consequatur doloribus in ut molestiae non.', 7, 0x68, 'es', 2);
INSERT INTO school_lib.book
(ISBN, title, publisher, num_pages, summary, num_copies, images, `language`, book_status)
VALUES(2362905305, 'quae', 'Runolfsdottir Group', 466, 'Fugit in dolorem enim unde aut natus inventore consequatur. Dolore rerum distinctio facere illo et. Quae ducimus consequuntur distinctio iusto molestiae est. Tempora facere dolore fuga dolor totam.', 9, 0x68, 'ru', 2);
INSERT INTO school_lib.book
(ISBN, title, publisher, num_pages, summary, num_copies, images, `language`, book_status)
VALUES(2381383789, 'distinctio', 'Olson LLC', 197, 'Voluptatem voluptatem nisi dolor velit eos. Ipsam sint tempore explicabo doloribus ut et iure.', 8, 0x68, 'fr', 2);
INSERT INTO school_lib.book
(ISBN, title, publisher, num_pages, summary, num_copies, images, `language`, book_status)
VALUES(2474227933, 'architecto', 'Kshlerin Ltd', 124, 'Tempora tempore deserunt distinctio quos inventore nostrum. Et minima pariatur facilis quos est commodi. Beatae quam ut officia expedita ullam expedita corporis.', 12, 0x68, 'en', 2);
INSERT INTO school_lib.book
(ISBN, title, publisher, num_pages, summary, num_copies, images, `language`, book_status)
VALUES(2474784286, 'ut', 'Swaniawski-Larson', 331, 'Eum quis sed porro aut et. Molestiae tempora id debitis et fugiat dolor et. Rem qui nemo pariatur odio.', 6, 0x68, 'cn', 2);
INSERT INTO school_lib.book
(ISBN, title, publisher, num_pages, summary, num_copies, images, `language`, book_status)
VALUES(2507344536, 'est', 'Mayert-Parker', 192, 'Possimus dolore dolorum alias impedit. Nam natus enim ipsam enim cumque. Id vel rerum magnam minus consectetur assumenda est. Sit quisquam id quod velit.', 5, 0x68, 'es', 2);
INSERT INTO school_lib.book
(ISBN, title, publisher, num_pages, summary, num_copies, images, `language`, book_status)
VALUES(2507677778, 'excepturi', 'Zboncak Inc', 404, 'Nemo itaque quia et odit et. Provident aliquam rerum in sint. Sed earum esse modi.', 8, 0x68, 'de', 2);
INSERT INTO school_lib.book
(ISBN, title, publisher, num_pages, summary, num_copies, images, `language`, book_status)
VALUES(2516010187, 'rerum', 'Price Ltd', 385, 'Ea sunt quisquam adipisci ducimus quia est. Quasi est autem sapiente pariatur accusamus. Sit ducimus nesciunt labore natus dolorem corrupti quia. Laudantium aut odio suscipit est provident reprehenderit quod eius. Maxime eos porro vel beatae.', 11, 0x68, 'ru', 2);
INSERT INTO school_lib.book
(ISBN, title, publisher, num_pages, summary, num_copies, images, `language`, book_status)
VALUES(2541824557, 'molestias', 'Waters, Wyman and Tromp', 179, 'In aut voluptatem ad neque nulla totam. Id sequi deleniti ipsum. Dolorem in rem quibusdam sed fugiat.', 8, 0x68, 'en', 2);
INSERT INTO school_lib.book
(ISBN, title, publisher, num_pages, summary, num_copies, images, `language`, book_status)
VALUES(2584479192, 'nostrum', 'Wisozk PLC', 275, 'Exercitationem aspernatur facilis cum error. Deserunt laudantium rem reiciendis libero quaerat. Ut aspernatur molestias incidunt atque.', 15, 0x68, 'fr', 2);
INSERT INTO school_lib.book
(ISBN, title, publisher, num_pages, summary, num_copies, images, `language`, book_status)
VALUES(2711594369, 'et', 'Prohaska-Walter', 452, 'Eaque quaerat aliquid voluptatum cupiditate sint tempora. Quia odio esse dolorem consequatur. Possimus minima facere quia quo et et exercitationem. Accusamus tenetur beatae architecto non sit.', 8, 0x68, 'cn', 2);
INSERT INTO school_lib.book
(ISBN, title, publisher, num_pages, summary, num_copies, images, `language`, book_status)
VALUES(2730834547, 'id', 'Shanahan Inc', 401, 'Quas occaecati id quasi est quas. Deserunt aliquam et nostrum quo non officiis. Earum commodi sequi molestiae id necessitatibus.', 10, 0x68, 'fr', 2);
INSERT INTO school_lib.book
(ISBN, title, publisher, num_pages, summary, num_copies, images, `language`, book_status)
VALUES(2784526064, 'architecto', 'Boyle, Cremin and Lemke', 335, 'A eligendi non minima rerum commodi. Animi reprehenderit voluptas magnam et quod. Asperiores provident natus molestiae ipsa.', 7, 0x68, 'en', 2);
INSERT INTO school_lib.book
(ISBN, title, publisher, num_pages, summary, num_copies, images, `language`, book_status)
VALUES(2786846406, 'in', 'Blanda and Sons', 464, 'Aut possimus aut totam voluptas quia. Est quo rem quasi. Blanditiis quasi tempora voluptas quod. Inventore qui nihil sint sit.', 7, 0x68, 'es', 2);
INSERT INTO school_lib.book
(ISBN, title, publisher, num_pages, summary, num_copies, images, `language`, book_status)
VALUES(2808868455, 'consequuntur', 'Abbott, Satterfield and Pagac', 182, 'Impedit deleniti voluptas molestiae dignissimos velit. Soluta minus asperiores officia molestiae similique. Sit voluptates libero ducimus molestiae aut qui. Possimus exercitationem possimus fuga perferendis. Neque a ratione sequi.', 6, 0x68, 'en', 2);
INSERT INTO school_lib.book
(ISBN, title, publisher, num_pages, summary, num_copies, images, `language`, book_status)
VALUES(2874081058, 'et', 'Klein, Erdman and Ferry', 304, 'Pariatur non laudantium iusto. Eum sit qui quo maxime qui. Rem quas qui tempore molestiae. Rerum voluptate sunt laborum amet.', 5, 0x68, 'fr', 2);
INSERT INTO school_lib.book
(ISBN, title, publisher, num_pages, summary, num_copies, images, `language`, book_status)
VALUES(2938674202, 'excepturi', 'Jacobson, Doyle and Turcotte', 238, 'Commodi consequuntur eius sapiente. Omnis error consectetur accusantium minus occaecati voluptates ipsum. Repellat omnis natus aut ut dolorem. Sed eaque ipsa odit at est dicta.', 5, 0x68, 'de', 2);
INSERT INTO school_lib.book
(ISBN, title, publisher, num_pages, summary, num_copies, images, `language`, book_status)
VALUES(2956978004, 'repudiandae', 'Weissnat-Beahan', 360, 'Animi quam neque officiis corrupti error. Dolorem eius voluptatem ullam nulla esse. Impedit vel consectetur quo nostrum quo nisi.', 5, 0x68, 'fr', 2);
INSERT INTO school_lib.book
(ISBN, title, publisher, num_pages, summary, num_copies, images, `language`, book_status)
VALUES(2986646716, 'et', 'Waters Inc', 119, 'Sint natus enim natus dolorum. Cumque ea dolor est aliquid aut. Quidem eaque aperiam est voluptatem reprehenderit hic.', 15, 0x68, 'ru', 2);
INSERT INTO school_lib.book
(ISBN, title, publisher, num_pages, summary, num_copies, images, `language`, book_status)
VALUES(2987223833, 'officiis', 'Waelchi-Marvin', 252, 'Laborum id vero molestiae a dolore. At et necessitatibus eum modi ad. In velit veniam cumque occaecati voluptatum totam non distinctio. Dolores optio aliquam debitis est illum molestiae.', 9, 0x68, 'fr', 2);
INSERT INTO school_lib.book
(ISBN, title, publisher, num_pages, summary, num_copies, images, `language`, book_status)
VALUES(3005780964, 'quaerat', 'Becker-Rutherford', 401, 'Et in porro omnis est nisi nulla. Beatae voluptas aut optio voluptatibus eligendi praesentium. Rerum ut autem eos placeat esse et.', 7, 0x68, 'cn', 2);
INSERT INTO school_lib.book
(ISBN, title, publisher, num_pages, summary, num_copies, images, `language`, book_status)
VALUES(3045396509, 'ipsum', 'Adams-Ryan', 138, 'Aut quam incidunt odit unde doloribus adipisci. Non fuga et officia perspiciatis vero. Autem dolorem minima natus voluptatem beatae est et perferendis. Et ratione illum sapiente et.', 15, 0x68, 'en', 2);
INSERT INTO school_lib.book
(ISBN, title, publisher, num_pages, summary, num_copies, images, `language`, book_status)
VALUES(3046490378, 'nobis', 'Senger, Heller and Green', 272, 'Et ullam facilis facere. Ut inventore quisquam hic ea ut sint. Distinctio consequuntur impedit delectus sit in dolorum distinctio aperiam.', 6, 0x68, 'it', 2);
INSERT INTO school_lib.book
(ISBN, title, publisher, num_pages, summary, num_copies, images, `language`, book_status)
VALUES(3061345754, 'neque', 'Windler and Sons', 261, 'Blanditiis eaque eum voluptates molestiae accusamus. Sit repellat ratione sed sequi velit aut quis. Ut molestiae molestiae culpa praesentium. Occaecati aut soluta culpa omnis occaecati est.', 14, 0x68, 'de', 2);
INSERT INTO school_lib.book
(ISBN, title, publisher, num_pages, summary, num_copies, images, `language`, book_status)
VALUES(3114297905, 'a', 'Ernser, Cartwright and Wiza', 347, 'Fuga qui rerum odio ut recusandae numquam. Deserunt nostrum id libero cumque in quasi eos. Et eos ducimus qui dolorem ea aut. Officia eaque animi laborum qui id.', 8, 0x68, 'en', 2);
INSERT INTO school_lib.book
(ISBN, title, publisher, num_pages, summary, num_copies, images, `language`, book_status)
VALUES(3154062454, 'laudantium', 'Rowe, Kertzmann and Davis', 327, 'Quisquam ut earum consequatur est dolorem qui. Ut nihil et qui dolorem quisquam. Nostrum voluptas dolorem et quis deleniti ut.', 15, 0x68, 'it', 2);
INSERT INTO school_lib.book
(ISBN, title, publisher, num_pages, summary, num_copies, images, `language`, book_status)
VALUES(3167692277, 'consectetur', 'Schulist, Lynch and Jacobson', 215, 'Odio incidunt modi laboriosam at occaecati tempora asperiores. Repudiandae et itaque illum delectus non officiis aperiam. Illum ad minima et sit quia dignissimos illum.', 15, 0x68, 'en', 2);
INSERT INTO school_lib.book
(ISBN, title, publisher, num_pages, summary, num_copies, images, `language`, book_status)
VALUES(3210839127, 'molestiae', 'Price-Nitzsche', 205, 'Similique deserunt debitis odit quo reprehenderit eos tempore. Rem similique explicabo aut excepturi. Odit explicabo ea vel.', 11, 0x68, 'fr', 2);
INSERT INTO school_lib.book
(ISBN, title, publisher, num_pages, summary, num_copies, images, `language`, book_status)
VALUES(3318889281, 'qui', 'Funk, Gibson and Walter', 271, 'Cumque ducimus voluptas quisquam blanditiis qui ullam iste minima. Facere occaecati magni ut ex. Soluta reprehenderit qui et sint. Maiores accusantium ut odit fugit ratione debitis ea.', 6, 0x68, 'ru', 2);
INSERT INTO school_lib.book
(ISBN, title, publisher, num_pages, summary, num_copies, images, `language`, book_status)
VALUES(3382621102, 'quo', 'Zboncak and Sons', 101, 'Et aut architecto molestias distinctio earum. Maxime deleniti quidem magnam sed.', 8, 0x68, 'cn', 2);
INSERT INTO school_lib.book
(ISBN, title, publisher, num_pages, summary, num_copies, images, `language`, book_status)
VALUES(3401655907, 'quo', 'Tremblay, Moen and O''Conner', 174, 'Aperiam veniam eum nihil qui. Est exercitationem ex dolore voluptate aut consectetur labore. Eius temporibus excepturi et suscipit consectetur harum. Beatae veritatis autem earum dicta.', 6, 0x68, 'ru', 2);
INSERT INTO school_lib.book
(ISBN, title, publisher, num_pages, summary, num_copies, images, `language`, book_status)
VALUES(3404826024, 'tenetur', 'Metz Inc', 369, 'Sit voluptas ut ex ad quo veniam error. Deleniti non deleniti voluptates harum repellendus hic. Modi consequuntur architecto eos laboriosam. Rerum dolorem quasi ut sed dolores saepe omnis quia. Commodi possimus qui mollitia qui.', 8, 0x68, 'cn', 2);
INSERT INTO school_lib.book
(ISBN, title, publisher, num_pages, summary, num_copies, images, `language`, book_status)
VALUES(3424917105, 'quos', 'Kunze LLC', 103, 'Non rerum vel quod velit officiis aliquam. Qui sequi expedita sint est quos voluptates et. Qui impedit fugit voluptate assumenda.', 11, 0x68, 'fr', 2);
INSERT INTO school_lib.book
(ISBN, title, publisher, num_pages, summary, num_copies, images, `language`, book_status)
VALUES(3509802907, 'molestiae', 'Legros-Gislason', 414, 'Facere sint eaque dolor voluptatem. Alias nulla aut nulla ut. Aperiam minima quis minima voluptatem sed nihil neque ea. Eum numquam quia qui odio placeat veritatis.', 9, 0x68, 'en', 2);
INSERT INTO school_lib.book
(ISBN, title, publisher, num_pages, summary, num_copies, images, `language`, book_status)
VALUES(3564339946, 'nisi', 'Yundt, Hoeger and Bruen', 105, 'Dolore fugiat id officia quis quasi et. Quia veritatis voluptate mollitia aut veniam ea. Voluptas voluptatem amet quis laudantium dolorem.', 10, 0x68, 'ru', 2);
INSERT INTO school_lib.book
(ISBN, title, publisher, num_pages, summary, num_copies, images, `language`, book_status)
VALUES(3567504627, 'omnis', 'Erdman, Zieme and Dietrich', 381, 'Alias illo quis architecto sunt et. Pariatur saepe quaerat accusamus dolorum voluptates aliquam neque ut. Labore laudantium laborum odio adipisci necessitatibus. Omnis et nulla rerum voluptas consectetur.', 9, 0x68, 'pt', 2);
INSERT INTO school_lib.book
(ISBN, title, publisher, num_pages, summary, num_copies, images, `language`, book_status)
VALUES(3595302830, 'eligendi', 'Macejkovic Inc', 469, 'Quia perspiciatis odio sed fuga. Qui illo est quisquam earum reiciendis maxime alias. Ipsa ut earum tenetur et odio quia doloremque.', 13, 0x68, 'es', 2);
INSERT INTO school_lib.book
(ISBN, title, publisher, num_pages, summary, num_copies, images, `language`, book_status)
VALUES(3623405466, 'iure', 'Monahan-Shanahan', 378, 'Est quia qui velit ipsum. Aspernatur quibusdam ea exercitationem ea exercitationem error. Dolore ipsum non nesciunt voluptatum earum officia.', 12, 0x68, 'en', 2);
INSERT INTO school_lib.book
(ISBN, title, publisher, num_pages, summary, num_copies, images, `language`, book_status)
VALUES(3630241589, 'quia', 'DuBuque, Schaden and O''Kon', 488, 'Ullam officia totam nesciunt iusto ut. Rerum accusamus iste corrupti quae enim. Voluptate pariatur dignissimos et voluptas voluptas dolores. Quia nihil explicabo iure quibusdam accusantium.', 10, 0x68, 'ru', 2);
INSERT INTO school_lib.book
(ISBN, title, publisher, num_pages, summary, num_copies, images, `language`, book_status)
VALUES(3703629765, 'quia', 'Lockman, Krajcik and Sawayn', 476, 'Quos praesentium numquam quod nostrum. Neque unde dolorem minima quasi. Illo beatae saepe quia ullam adipisci. Libero amet et natus accusamus laudantium.', 5, 0x68, 'pt', 2);
INSERT INTO school_lib.book
(ISBN, title, publisher, num_pages, summary, num_copies, images, `language`, book_status)
VALUES(3709974127, 'et', 'Pacocha, Kreiger and Stroman', 104, 'Voluptatibus odit aliquid sit explicabo cumque distinctio suscipit. Hic aut ea et mollitia reiciendis repellendus. Delectus quidem consectetur consequatur ut quis. Ad excepturi in esse quo ipsa.', 15, 0x68, 'pt', 2);
INSERT INTO school_lib.book
(ISBN, title, publisher, num_pages, summary, num_copies, images, `language`, book_status)
VALUES(3749700837, 'aut', 'Klein LLC', 338, 'Architecto similique atque aliquid qui voluptatum atque. Facilis earum perferendis incidunt eos quaerat repellendus. Et consequatur eos id dolorum.', 8, 0x68, 'it', 2);
INSERT INTO school_lib.book
(ISBN, title, publisher, num_pages, summary, num_copies, images, `language`, book_status)
VALUES(3772760191, 'aut', 'Upton LLC', 454, 'Ullam asperiores rerum voluptatem velit nulla eos. Rerum minima at sapiente voluptate omnis. Qui porro a libero necessitatibus perspiciatis qui ullam. Aut consequatur autem voluptas optio in iure ipsa.', 10, 0x68, 'de', 2);
INSERT INTO school_lib.book
(ISBN, title, publisher, num_pages, summary, num_copies, images, `language`, book_status)
VALUES(3826918663, 'nisi', 'Bernhard Ltd', 282, 'Laborum quis harum omnis dolores illum est sit. Illum ea libero ut est ab voluptatum. Minima suscipit est vel et ea dignissimos iste. Voluptas dignissimos repudiandae aut neque. Assumenda in facilis sint et unde.', 12, 0x68, 'it', 2);
INSERT INTO school_lib.book
(ISBN, title, publisher, num_pages, summary, num_copies, images, `language`, book_status)
VALUES(3918896331, 'sint', 'Bauch Ltd', 383, 'Voluptas commodi illum optio et dolorum ut quas veniam. Sint voluptatem dolorem optio dolorum. Aut accusamus ea tempore perferendis deleniti. Cum perferendis et voluptas laborum quasi dolor ipsum.', 11, 0x68, 'de', 2);
INSERT INTO school_lib.book
(ISBN, title, publisher, num_pages, summary, num_copies, images, `language`, book_status)
VALUES(3972174623, 'non', 'Robel-Jacobs', 474, 'Eum ut nobis corporis qui voluptas consequatur molestiae eaque. Corporis quibusdam omnis deserunt repudiandae velit enim. Iusto id consequatur eos est.', 9, 0x68, 'de', 2);
INSERT INTO school_lib.book
(ISBN, title, publisher, num_pages, summary, num_copies, images, `language`, book_status)
VALUES(3972483310, 'dolor', 'Kohler Ltd', 242, 'Autem non voluptatem error ab esse culpa. Earum praesentium sit totam magni et. Provident recusandae maiores id unde est autem aut.', 13, 0x68, 'de', 2);
INSERT INTO school_lib.book
(ISBN, title, publisher, num_pages, summary, num_copies, images, `language`, book_status)
VALUES(3980133275, 'voluptates', 'Schmeler-Dickinson', 394, 'Quasi omnis dignissimos ipsum fugit facilis. Reprehenderit doloremque rerum unde doloremque reiciendis. Molestiae totam aut illo qui ratione et dolorem.', 8, 0x68, 'en', 2);
INSERT INTO school_lib.book
(ISBN, title, publisher, num_pages, summary, num_copies, images, `language`, book_status)
VALUES(4075108600, 'dolorem', 'Trantow Ltd', 209, 'Tempore est et minus rerum ab dolorem. Et eum explicabo voluptatibus illum. Est non id et itaque perferendis.', 15, 0x68, 'it', 2);
INSERT INTO school_lib.book
(ISBN, title, publisher, num_pages, summary, num_copies, images, `language`, book_status)
VALUES(4076353662, 'omnis', 'Moore, Mitchell and Mohr', 348, 'Officia cum saepe optio modi eos magnam. Aspernatur est explicabo omnis enim cumque non. Exercitationem delectus culpa optio et accusamus et. Consequatur reprehenderit sint atque doloribus mollitia sed.', 11, 0x68, 'cn', 2);
INSERT INTO school_lib.book
(ISBN, title, publisher, num_pages, summary, num_copies, images, `language`, book_status)
VALUES(4099084694, 'tenetur', 'Vandervort-Metz', 466, 'Non accusamus rerum totam sunt autem quasi ratione. Mollitia soluta omnis sequi et. Animi aut dicta aspernatur porro qui qui officiis. Enim aspernatur maxime animi quisquam itaque exercitationem.', 14, 0x68, 'fr', 2);
INSERT INTO school_lib.book
(ISBN, title, publisher, num_pages, summary, num_copies, images, `language`, book_status)
VALUES(4114515367, 'at', 'Borer LLC', 447, 'Numquam maiores necessitatibus quas voluptatem officia. Consequuntur voluptates iste facilis voluptate. Et voluptatem quos voluptate eum et dolore voluptas. Placeat reprehenderit quis dignissimos dolor omnis placeat.', 8, 0x68, 'cn', 2);
INSERT INTO school_lib.book
(ISBN, title, publisher, num_pages, summary, num_copies, images, `language`, book_status)
VALUES(4118466201, 'ipsam', 'Feest LLC', 166, 'In assumenda exercitationem id aut magnam in. Quas qui dolores a consequatur quod. Est aliquid illum pariatur tempora. Et saepe eius illum ex vel rerum.', 10, 0x68, 'es', 2);
INSERT INTO school_lib.book
(ISBN, title, publisher, num_pages, summary, num_copies, images, `language`, book_status)
VALUES(4140524445, 'rerum', 'DuBuque, Feil and Yundt', 466, 'Officia dolor laudantium autem et. Rerum qui qui voluptas eius perferendis rerum nostrum et.', 5, 0x68, 'pt', 2);
INSERT INTO school_lib.book
(ISBN, title, publisher, num_pages, summary, num_copies, images, `language`, book_status)
VALUES(4172576783, 'molestiae', 'Kihn, Mayer and Ledner', 433, 'Veniam nostrum ipsam veniam libero rem et voluptatem quas. Sed consectetur sed molestias neque possimus sit. Ratione itaque quo qui est error dolor.', 11, 0x68, 'pt', 2);
INSERT INTO school_lib.book
(ISBN, title, publisher, num_pages, summary, num_copies, images, `language`, book_status)
VALUES(4225334484, 'corporis', 'Lang PLC', 251, 'Eum facere est quos omnis voluptatibus nulla commodi. Deleniti harum ea non sit. Quod sunt velit ipsam temporibus mollitia dolore nihil.', 12, 0x68, 'es', 2);
INSERT INTO school_lib.book
(ISBN, title, publisher, num_pages, summary, num_copies, images, `language`, book_status)
VALUES(4234053780, 'et', 'Schuppe-Hahn', 469, 'Qui assumenda nostrum rerum ut quia ab quis voluptatem. Perferendis vero animi labore placeat officia. Id doloremque saepe repellendus pariatur quae reiciendis.', 6, 0x68, 'es', 2);
INSERT INTO school_lib.book
(ISBN, title, publisher, num_pages, summary, num_copies, images, `language`, book_status)
VALUES(4255233380, 'et', 'Botsford, Mraz and Klein', 291, 'Harum quia quidem est cumque dolorum earum. Totam sapiente qui illo qui consequatur exercitationem. Porro ea est fugit sunt corrupti.', 11, 0x68, 'cn', 2);
INSERT INTO school_lib.book
(ISBN, title, publisher, num_pages, summary, num_copies, images, `language`, book_status)
VALUES(4283105764, 'quia', 'Gulgowski Group', 366, 'Quo consectetur possimus consequuntur non ut vitae voluptatibus mollitia. Optio doloribus ullam expedita rem et in officiis tenetur. Distinctio aut reiciendis placeat dolorem necessitatibus quisquam.', 11, 0x68, 'es', 2);
INSERT INTO school_lib.book
(ISBN, title, publisher, num_pages, summary, num_copies, images, `language`, book_status)
VALUES(4294967295, 'fuga', 'Haley LLC', 282, 'Illum id accusantium tempora. Quia pariatur nesciunt doloremque enim quasi numquam tempore sit. Esse qui quis eos dicta natus dolorem.', 7, 0x68, 'de', 2);


-- 3)TABLE:book_author

INSERT INTO school_lib.book_author
(ISBN, book_author_id, author_id)
VALUES(1071953916, 1, 1);
INSERT INTO school_lib.book_author
(ISBN, book_author_id, author_id)
VALUES(1086847964, 2, 2);
INSERT INTO school_lib.book_author
(ISBN, book_author_id, author_id)
VALUES(1146634707, 3, 3);
INSERT INTO school_lib.book_author
(ISBN, book_author_id, author_id)
VALUES(1191406002, 4, 4);
INSERT INTO school_lib.book_author
(ISBN, book_author_id, author_id)
VALUES(1230423418, 5, 5);
INSERT INTO school_lib.book_author
(ISBN, book_author_id, author_id)
VALUES(1252364469, 6, 6);
INSERT INTO school_lib.book_author
(ISBN, book_author_id, author_id)
VALUES(1279530422, 7, 7);
INSERT INTO school_lib.book_author
(ISBN, book_author_id, author_id)
VALUES(1373620112, 8, 8);
INSERT INTO school_lib.book_author
(ISBN, book_author_id, author_id)
VALUES(1389010684, 9, 9);
INSERT INTO school_lib.book_author
(ISBN, book_author_id, author_id)
VALUES(1413600512, 10, 10);
INSERT INTO school_lib.book_author
(ISBN, book_author_id, author_id)
VALUES(1433321773, 11, 11);
INSERT INTO school_lib.book_author
(ISBN, book_author_id, author_id)
VALUES(1487567215, 12, 12);
INSERT INTO school_lib.book_author
(ISBN, book_author_id, author_id)
VALUES(1565072107, 13, 1);
INSERT INTO school_lib.book_author
(ISBN, book_author_id, author_id)
VALUES(1597754095, 14, 1);
INSERT INTO school_lib.book_author
(ISBN, book_author_id, author_id)
VALUES(1636263433, 15, 1);
INSERT INTO school_lib.book_author
(ISBN, book_author_id, author_id)
VALUES(1649301220, 16, 1);
INSERT INTO school_lib.book_author
(ISBN, book_author_id, author_id)
VALUES(1690705637, 17, 1);
INSERT INTO school_lib.book_author
(ISBN, book_author_id, author_id)
VALUES(1734732728, 18, 1);
INSERT INTO school_lib.book_author
(ISBN, book_author_id, author_id)
VALUES(1750578633, 19, 1);
INSERT INTO school_lib.book_author
(ISBN, book_author_id, author_id)
VALUES(1769821979, 20, 1);
INSERT INTO school_lib.book_author
(ISBN, book_author_id, author_id)
VALUES(1792088863, 21, 1);
INSERT INTO school_lib.book_author
(ISBN, book_author_id, author_id)
VALUES(1881029380, 22, 1);
INSERT INTO school_lib.book_author
(ISBN, book_author_id, author_id)
VALUES(1887691000, 23, 1);
INSERT INTO school_lib.book_author
(ISBN, book_author_id, author_id)
VALUES(1901021427, 24, 1);
INSERT INTO school_lib.book_author
(ISBN, book_author_id, author_id)
VALUES(1906007459, 25, 1);
INSERT INTO school_lib.book_author
(ISBN, book_author_id, author_id)
VALUES(1915803524, 26, 1);
INSERT INTO school_lib.book_author
(ISBN, book_author_id, author_id)
VALUES(1917004279, 27, 1);
INSERT INTO school_lib.book_author
(ISBN, book_author_id, author_id)
VALUES(1963962468, 28, 1);
INSERT INTO school_lib.book_author
(ISBN, book_author_id, author_id)
VALUES(2004872161, 29, 1);
INSERT INTO school_lib.book_author
(ISBN, book_author_id, author_id)
VALUES(2010782732, 30, 1);
INSERT INTO school_lib.book_author
(ISBN, book_author_id, author_id)
VALUES(2022488326, 31, 1);
INSERT INTO school_lib.book_author
(ISBN, book_author_id, author_id)
VALUES(2045083548, 32, 1);
INSERT INTO school_lib.book_author
(ISBN, book_author_id, author_id)
VALUES(2074653865, 33, 1);
INSERT INTO school_lib.book_author
(ISBN, book_author_id, author_id)
VALUES(2094614387, 34, 1);
INSERT INTO school_lib.book_author
(ISBN, book_author_id, author_id)
VALUES(2117869043, 35, 1);
INSERT INTO school_lib.book_author
(ISBN, book_author_id, author_id)
VALUES(2134658685, 36, 1);
INSERT INTO school_lib.book_author
(ISBN, book_author_id, author_id)
VALUES(2151394262, 37, 1);
INSERT INTO school_lib.book_author
(ISBN, book_author_id, author_id)
VALUES(2198073157, 38, 1);
INSERT INTO school_lib.book_author
(ISBN, book_author_id, author_id)
VALUES(2209232827, 39, 1);
INSERT INTO school_lib.book_author
(ISBN, book_author_id, author_id)
VALUES(2290059243, 40, 1);
INSERT INTO school_lib.book_author
(ISBN, book_author_id, author_id)
VALUES(2339601579, 41, 1);
INSERT INTO school_lib.book_author
(ISBN, book_author_id, author_id)
VALUES(2352019659, 42, 1);
INSERT INTO school_lib.book_author
(ISBN, book_author_id, author_id)
VALUES(2362905305, 43, 1);
INSERT INTO school_lib.book_author
(ISBN, book_author_id, author_id)
VALUES(2381383789, 44, 1);
INSERT INTO school_lib.book_author
(ISBN, book_author_id, author_id)
VALUES(2474227933, 45, 1);
INSERT INTO school_lib.book_author
(ISBN, book_author_id, author_id)
VALUES(2474784286, 46, 1);
INSERT INTO school_lib.book_author
(ISBN, book_author_id, author_id)
VALUES(2507344536, 47, 1);
INSERT INTO school_lib.book_author
(ISBN, book_author_id, author_id)
VALUES(2507677778, 48, 1);
INSERT INTO school_lib.book_author
(ISBN, book_author_id, author_id)
VALUES(2516010187, 49, 1);
INSERT INTO school_lib.book_author
(ISBN, book_author_id, author_id)
VALUES(2541824557, 50, 1);
INSERT INTO school_lib.book_author
(ISBN, book_author_id, author_id)
VALUES(2584479192, 51, 1);
INSERT INTO school_lib.book_author
(ISBN, book_author_id, author_id)
VALUES(2711594369, 52, 1);
INSERT INTO school_lib.book_author
(ISBN, book_author_id, author_id)
VALUES(2730834547, 53, 1);
INSERT INTO school_lib.book_author
(ISBN, book_author_id, author_id)
VALUES(2784526064, 54, 1);
INSERT INTO school_lib.book_author
(ISBN, book_author_id, author_id)
VALUES(2786846406, 55, 1);
INSERT INTO school_lib.book_author
(ISBN, book_author_id, author_id)
VALUES(2808868455, 56, 1);
INSERT INTO school_lib.book_author
(ISBN, book_author_id, author_id)
VALUES(2874081058, 57, 1);
INSERT INTO school_lib.book_author
(ISBN, book_author_id, author_id)
VALUES(2938674202, 58, 1);
INSERT INTO school_lib.book_author
(ISBN, book_author_id, author_id)
VALUES(2956978004, 59, 1);
INSERT INTO school_lib.book_author
(ISBN, book_author_id, author_id)
VALUES(2986646716, 60, 1);
INSERT INTO school_lib.book_author
(ISBN, book_author_id, author_id)
VALUES(2987223833, 61, 1);
INSERT INTO school_lib.book_author
(ISBN, book_author_id, author_id)
VALUES(3005780964, 62, 1);
INSERT INTO school_lib.book_author
(ISBN, book_author_id, author_id)
VALUES(3045396509, 63, 1);
INSERT INTO school_lib.book_author
(ISBN, book_author_id, author_id)
VALUES(3046490378, 64, 1);
INSERT INTO school_lib.book_author
(ISBN, book_author_id, author_id)
VALUES(3061345754, 65, 1);
INSERT INTO school_lib.book_author
(ISBN, book_author_id, author_id)
VALUES(3114297905, 66, 1);
INSERT INTO school_lib.book_author
(ISBN, book_author_id, author_id)
VALUES(3154062454, 67, 1);
INSERT INTO school_lib.book_author
(ISBN, book_author_id, author_id)
VALUES(3167692277, 68, 1);
INSERT INTO school_lib.book_author
(ISBN, book_author_id, author_id)
VALUES(3210839127, 69, 1);
INSERT INTO school_lib.book_author
(ISBN, book_author_id, author_id)
VALUES(3318889281, 70, 1);
INSERT INTO school_lib.book_author
(ISBN, book_author_id, author_id)
VALUES(3382621102, 71, 1);
INSERT INTO school_lib.book_author
(ISBN, book_author_id, author_id)
VALUES(3401655907, 72, 1);
INSERT INTO school_lib.book_author
(ISBN, book_author_id, author_id)
VALUES(3404826024, 73, 1);
INSERT INTO school_lib.book_author
(ISBN, book_author_id, author_id)
VALUES(3424917105, 74, 1);
INSERT INTO school_lib.book_author
(ISBN, book_author_id, author_id)
VALUES(3509802907, 75, 1);
INSERT INTO school_lib.book_author
(ISBN, book_author_id, author_id)
VALUES(3564339946, 76, 1);
INSERT INTO school_lib.book_author
(ISBN, book_author_id, author_id)
VALUES(3567504627, 77, 1);
INSERT INTO school_lib.book_author
(ISBN, book_author_id, author_id)
VALUES(3595302830, 78, 1);
INSERT INTO school_lib.book_author
(ISBN, book_author_id, author_id)
VALUES(3623405466, 79, 1);
INSERT INTO school_lib.book_author
(ISBN, book_author_id, author_id)
VALUES(3630241589, 80, 1);
INSERT INTO school_lib.book_author
(ISBN, book_author_id, author_id)
VALUES(3703629765, 81, 1);
INSERT INTO school_lib.book_author
(ISBN, book_author_id, author_id)
VALUES(3709974127, 82, 1);
INSERT INTO school_lib.book_author
(ISBN, book_author_id, author_id)
VALUES(3749700837, 83, 1);
INSERT INTO school_lib.book_author
(ISBN, book_author_id, author_id)
VALUES(3772760191, 84, 1);
INSERT INTO school_lib.book_author
(ISBN, book_author_id, author_id)
VALUES(3826918663, 85, 1);
INSERT INTO school_lib.book_author
(ISBN, book_author_id, author_id)
VALUES(3918896331, 86, 1);
INSERT INTO school_lib.book_author
(ISBN, book_author_id, author_id)
VALUES(3972174623, 87, 1);
INSERT INTO school_lib.book_author
(ISBN, book_author_id, author_id)
VALUES(3972483310, 88, 1);
INSERT INTO school_lib.book_author
(ISBN, book_author_id, author_id)
VALUES(3980133275, 89, 1);
INSERT INTO school_lib.book_author
(ISBN, book_author_id, author_id)
VALUES(4075108600, 90, 1);
INSERT INTO school_lib.book_author
(ISBN, book_author_id, author_id)
VALUES(4076353662, 91, 1);
INSERT INTO school_lib.book_author
(ISBN, book_author_id, author_id)
VALUES(4099084694, 92, 1);
INSERT INTO school_lib.book_author
(ISBN, book_author_id, author_id)
VALUES(4114515367, 93, 1);
INSERT INTO school_lib.book_author
(ISBN, book_author_id, author_id)
VALUES(4118466201, 94, 1);
INSERT INTO school_lib.book_author
(ISBN, book_author_id, author_id)
VALUES(4140524445, 95, 1);
INSERT INTO school_lib.book_author
(ISBN, book_author_id, author_id)
VALUES(4172576783, 96, 1);
INSERT INTO school_lib.book_author
(ISBN, book_author_id, author_id)
VALUES(4225334484, 97, 1);
INSERT INTO school_lib.book_author
(ISBN, book_author_id, author_id)
VALUES(4234053780, 98, 1);
INSERT INTO school_lib.book_author
(ISBN, book_author_id, author_id)
VALUES(4255233380, 99, 1);
INSERT INTO school_lib.book_author
(ISBN, book_author_id, author_id)
VALUES(4283105764, 100, 1);
INSERT INTO school_lib.book_author
(ISBN, book_author_id, author_id)
VALUES(4294967295, 101, 1);
INSERT INTO school_lib.book_author
(ISBN, book_author_id, author_id)
VALUES(1071953916, 102, 1);
INSERT INTO school_lib.book_author
(ISBN, book_author_id, author_id)
VALUES(1086847964, 103, 1);
INSERT INTO school_lib.book_author
(ISBN, book_author_id, author_id)
VALUES(1146634707, 104, 1);
INSERT INTO school_lib.book_author
(ISBN, book_author_id, author_id)
VALUES(1191406002, 105, 1);
INSERT INTO school_lib.book_author
(ISBN, book_author_id, author_id)
VALUES(1230423418, 106, 1);
INSERT INTO school_lib.book_author
(ISBN, book_author_id, author_id)
VALUES(1487567215, 107, 1);
INSERT INTO school_lib.book_author
(ISBN, book_author_id, author_id)
VALUES(1565072107, 108, 1);
INSERT INTO school_lib.book_author
(ISBN, book_author_id, author_id)
VALUES(1597754095, 109, 1);
INSERT INTO school_lib.book_author
(ISBN, book_author_id, author_id)
VALUES(1636263433, 110, 1);
INSERT INTO school_lib.book_author
(ISBN, book_author_id, author_id)
VALUES(1649301220, 111, 1);
INSERT INTO school_lib.book_author
(ISBN, book_author_id, author_id)
VALUES(1690705637, 112, 1);
INSERT INTO school_lib.book_author
(ISBN, book_author_id, author_id)
VALUES(1734732728, 113, 1);
INSERT INTO school_lib.book_author
(ISBN, book_author_id, author_id)
VALUES(1750578633, 114, 1);
INSERT INTO school_lib.book_author
(ISBN, book_author_id, author_id)
VALUES(1769821979, 115, 1);
INSERT INTO school_lib.book_author
(ISBN, book_author_id, author_id)
VALUES(1792088863, 116, 1);
INSERT INTO school_lib.book_author
(ISBN, book_author_id, author_id)
VALUES(1881029380, 117, 1);
INSERT INTO school_lib.book_author
(ISBN, book_author_id, author_id)
VALUES(1887691000, 118, 1);
INSERT INTO school_lib.book_author
(ISBN, book_author_id, author_id)
VALUES(1901021427, 119, 1);
INSERT INTO school_lib.book_author
(ISBN, book_author_id, author_id)
VALUES(1906007459, 120, 1);
INSERT INTO school_lib.book_author
(ISBN, book_author_id, author_id)
VALUES(1915803524, 121, 1);
INSERT INTO school_lib.book_author
(ISBN, book_author_id, author_id)
VALUES(1917004279, 122, 1);








-- 6)TABLE:category

INSERT INTO school_lib.category
(category_id, category_name)
VALUES(1, 'magni');
INSERT INTO school_lib.category
(category_id, category_name)
VALUES(2, 'dolor');
INSERT INTO school_lib.category
(category_id, category_name)
VALUES(3, 'exercitationem');
INSERT INTO school_lib.category
(category_id, category_name)
VALUES(4, 'et');
INSERT INTO school_lib.category
(category_id, category_name)
VALUES(5, 'dolores');
INSERT INTO school_lib.category
(category_id, category_name)
VALUES(6, 'sunt');
INSERT INTO school_lib.category
(category_id, category_name)
VALUES(7, 'sit');
INSERT INTO school_lib.category
(category_id, category_name)
VALUES(8, 'ipsum');
INSERT INTO school_lib.category
(category_id, category_name)
VALUES(9, 'drasi');
INSERT INTO school_lib.category
(category_id, category_name)
VALUES(10, 'iusto');

-- 4)TABLE:book_category

INSERT INTO school_lib.book_category
(ISBN, category_id, book_category_id)
VALUES(1071953916, 1, 1);
INSERT INTO school_lib.book_category
(ISBN, category_id, book_category_id)
VALUES(1086847964, 2, 2);
INSERT INTO school_lib.book_category
(ISBN, category_id, book_category_id)
VALUES(1146634707, 3, 3);
INSERT INTO school_lib.book_category
(ISBN, category_id, book_category_id)
VALUES(1191406002, 4, 4);
INSERT INTO school_lib.book_category
(ISBN, category_id, book_category_id)
VALUES(1230423418, 5, 5);
INSERT INTO school_lib.book_category
(ISBN, category_id, book_category_id)
VALUES(1252364469, 6, 6);
INSERT INTO school_lib.book_category
(ISBN, category_id, book_category_id)
VALUES(1279530422, 9, 7);
INSERT INTO school_lib.book_category
(ISBN, category_id, book_category_id)
VALUES(1373620112, 8, 8);
INSERT INTO school_lib.book_category
(ISBN, category_id, book_category_id)
VALUES(1389010684, 9, 9);
INSERT INTO school_lib.book_category
(ISBN, category_id, book_category_id)
VALUES(1413600512, 10, 10);
INSERT INTO school_lib.book_category
(ISBN, category_id, book_category_id)
VALUES(1433321773, 9, 11);
INSERT INTO school_lib.book_category
(ISBN, category_id, book_category_id)
VALUES(1487567215, 2, 12);
INSERT INTO school_lib.book_category
(ISBN, category_id, book_category_id)
VALUES(1565072107, 3, 13);
INSERT INTO school_lib.book_category
(ISBN, category_id, book_category_id)
VALUES(1597754095, 4, 14);
INSERT INTO school_lib.book_category
(ISBN, category_id, book_category_id)
VALUES(1636263433, 5, 15);
INSERT INTO school_lib.book_category
(ISBN, category_id, book_category_id)
VALUES(1649301220, 1, 16);
INSERT INTO school_lib.book_category
(ISBN, category_id, book_category_id)
VALUES(1690705637, 2, 17);
INSERT INTO school_lib.book_category
(ISBN, category_id, book_category_id)
VALUES(1734732728, 3, 18);
INSERT INTO school_lib.book_category
(ISBN, category_id, book_category_id)
VALUES(1750578633, 9, 19);
INSERT INTO school_lib.book_category
(ISBN, category_id, book_category_id)
VALUES(1769821979, 5, 20);
INSERT INTO school_lib.book_category
(ISBN, category_id, book_category_id)
VALUES(1792088863, 4, 21);
INSERT INTO school_lib.book_category
(ISBN, category_id, book_category_id)
VALUES(1881029380, 3, 22);
INSERT INTO school_lib.book_category
(ISBN, category_id, book_category_id)
VALUES(1887691000, 2, 23);
INSERT INTO school_lib.book_category
(ISBN, category_id, book_category_id)
VALUES(1901021427, 5, 24);
INSERT INTO school_lib.book_category
(ISBN, category_id, book_category_id)
VALUES(1906007459, 6, 25);
INSERT INTO school_lib.book_category
(ISBN, category_id, book_category_id)
VALUES(1915803524, 3, 26);
INSERT INTO school_lib.book_category
(ISBN, category_id, book_category_id)
VALUES(1917004279, 8, 27);
INSERT INTO school_lib.book_category
(ISBN, category_id, book_category_id)
VALUES(1963962468, 9, 28);
INSERT INTO school_lib.book_category
(ISBN, category_id, book_category_id)
VALUES(2004872161, 10, 29);
INSERT INTO school_lib.book_category
(ISBN, category_id, book_category_id)
VALUES(2010782732, 3, 30);
INSERT INTO school_lib.book_category
(ISBN, category_id, book_category_id)
VALUES(2022488326, 4, 31);
INSERT INTO school_lib.book_category
(ISBN, category_id, book_category_id)
VALUES(2045083548, 5, 32);
INSERT INTO school_lib.book_category
(ISBN, category_id, book_category_id)
VALUES(2074653865, 2, 33);
INSERT INTO school_lib.book_category
(ISBN, category_id, book_category_id)
VALUES(2094614387, 3, 34);
INSERT INTO school_lib.book_category
(ISBN, category_id, book_category_id)
VALUES(2117869043, 4, 35);
INSERT INTO school_lib.book_category
(ISBN, category_id, book_category_id)
VALUES(2134658685, 2, 36);
INSERT INTO school_lib.book_category
(ISBN, category_id, book_category_id)
VALUES(2151394262, 7, 37);
INSERT INTO school_lib.book_category
(ISBN, category_id, book_category_id)
VALUES(2198073157, 5, 38);
INSERT INTO school_lib.book_category
(ISBN, category_id, book_category_id)
VALUES(2209232827, 2, 39);
INSERT INTO school_lib.book_category
(ISBN, category_id, book_category_id)
VALUES(2290059243, 3, 40);
INSERT INTO school_lib.book_category
(ISBN, category_id, book_category_id)
VALUES(2339601579, 4, 41);
INSERT INTO school_lib.book_category
(ISBN, category_id, book_category_id)
VALUES(2352019659, 5, 42);
INSERT INTO school_lib.book_category
(ISBN, category_id, book_category_id)
VALUES(2362905305, 8, 43);
INSERT INTO school_lib.book_category
(ISBN, category_id, book_category_id)
VALUES(2381383789, 9, 44);
INSERT INTO school_lib.book_category
(ISBN, category_id, book_category_id)
VALUES(2474227933, 1, 45);
INSERT INTO school_lib.book_category
(ISBN, category_id, book_category_id)
VALUES(2474784286, 2, 46);
INSERT INTO school_lib.book_category
(ISBN, category_id, book_category_id)
VALUES(2507344536, 4, 47);
INSERT INTO school_lib.book_category
(ISBN, category_id, book_category_id)
VALUES(2507677778, 6, 48);
INSERT INTO school_lib.book_category
(ISBN, category_id, book_category_id)
VALUES(2516010187, 9, 49);
INSERT INTO school_lib.book_category
(ISBN, category_id, book_category_id)
VALUES(2541824557, 5, 50);
INSERT INTO school_lib.book_category
(ISBN, category_id, book_category_id)
VALUES(2584479192, 10, 51);
INSERT INTO school_lib.book_category
(ISBN, category_id, book_category_id)
VALUES(2711594369, 2, 52);
INSERT INTO school_lib.book_category
(ISBN, category_id, book_category_id)
VALUES(2730834547, 6, 53);
INSERT INTO school_lib.book_category
(ISBN, category_id, book_category_id)
VALUES(2784526064, 5, 54);
INSERT INTO school_lib.book_category
(ISBN, category_id, book_category_id)
VALUES(2786846406, 7, 55);
INSERT INTO school_lib.book_category
(ISBN, category_id, book_category_id)
VALUES(2808868455, 1, 56);
INSERT INTO school_lib.book_category
(ISBN, category_id, book_category_id)
VALUES(2874081058, 2, 57);
INSERT INTO school_lib.book_category
(ISBN, category_id, book_category_id)
VALUES(2938674202, 3, 58);
INSERT INTO school_lib.book_category
(ISBN, category_id, book_category_id)
VALUES(2956978004, 4, 59);
INSERT INTO school_lib.book_category
(ISBN, category_id, book_category_id)
VALUES(2986646716, 5, 60);
INSERT INTO school_lib.book_category
(ISBN, category_id, book_category_id)
VALUES(2987223833, 1, 61);
INSERT INTO school_lib.book_category
(ISBN, category_id, book_category_id)
VALUES(3005780964, 2, 62);
INSERT INTO school_lib.book_category
(ISBN, category_id, book_category_id)
VALUES(3045396509, 3, 63);
INSERT INTO school_lib.book_category
(ISBN, category_id, book_category_id)
VALUES(3046490378, 4, 64);
INSERT INTO school_lib.book_category
(ISBN, category_id, book_category_id)
VALUES(3061345754, 5, 65);
INSERT INTO school_lib.book_category
(ISBN, category_id, book_category_id)
VALUES(3114297905, 6, 66);
INSERT INTO school_lib.book_category
(ISBN, category_id, book_category_id)
VALUES(3154062454, 7, 67);
INSERT INTO school_lib.book_category
(ISBN, category_id, book_category_id)
VALUES(3167692277, 8, 68);
INSERT INTO school_lib.book_category
(ISBN, category_id, book_category_id)
VALUES(3210839127, 9, 69);
INSERT INTO school_lib.book_category
(ISBN, category_id, book_category_id)
VALUES(3318889281, 10, 70);
INSERT INTO school_lib.book_category
(ISBN, category_id, book_category_id)
VALUES(3382621102, 1, 71);
INSERT INTO school_lib.book_category
(ISBN, category_id, book_category_id)
VALUES(3401655907, 2, 72);
INSERT INTO school_lib.book_category
(ISBN, category_id, book_category_id)
VALUES(3404826024, 3, 73);
INSERT INTO school_lib.book_category
(ISBN, category_id, book_category_id)
VALUES(3424917105, 4, 74);
INSERT INTO school_lib.book_category
(ISBN, category_id, book_category_id)
VALUES(3509802907, 5, 75);
INSERT INTO school_lib.book_category
(ISBN, category_id, book_category_id)
VALUES(3564339946, 1, 76);
INSERT INTO school_lib.book_category
(ISBN, category_id, book_category_id)
VALUES(3567504627, 2, 77);
INSERT INTO school_lib.book_category
(ISBN, category_id, book_category_id)
VALUES(3595302830, 3, 78);
INSERT INTO school_lib.book_category
(ISBN, category_id, book_category_id)
VALUES(3623405466, 4, 79);
INSERT INTO school_lib.book_category
(ISBN, category_id, book_category_id)
VALUES(3630241589, 5, 80);
INSERT INTO school_lib.book_category
(ISBN, category_id, book_category_id)
VALUES(3703629765, 4, 81);
INSERT INTO school_lib.book_category
(ISBN, category_id, book_category_id)
VALUES(3709974127, 3, 82);
INSERT INTO school_lib.book_category
(ISBN, category_id, book_category_id)
VALUES(3749700837, 2, 83);
INSERT INTO school_lib.book_category
(ISBN, category_id, book_category_id)
VALUES(3772760191, 5, 84);
INSERT INTO school_lib.book_category
(ISBN, category_id, book_category_id)
VALUES(3826918663, 6, 85);
INSERT INTO school_lib.book_category
(ISBN, category_id, book_category_id)
VALUES(3918896331, 3, 86);
INSERT INTO school_lib.book_category
(ISBN, category_id, book_category_id)
VALUES(3972174623, 8, 87);
INSERT INTO school_lib.book_category
(ISBN, category_id, book_category_id)
VALUES(3972483310, 9, 88);
INSERT INTO school_lib.book_category
(ISBN, category_id, book_category_id)
VALUES(3980133275, 10, 89);
INSERT INTO school_lib.book_category
(ISBN, category_id, book_category_id)
VALUES(4075108600, 3, 90);
INSERT INTO school_lib.book_category
(ISBN, category_id, book_category_id)
VALUES(4076353662, 4, 91);
INSERT INTO school_lib.book_category
(ISBN, category_id, book_category_id)
VALUES(4099084694, 5, 92);
INSERT INTO school_lib.book_category
(ISBN, category_id, book_category_id)
VALUES(4114515367, 2, 93);
INSERT INTO school_lib.book_category
(ISBN, category_id, book_category_id)
VALUES(4118466201, 3, 94);
INSERT INTO school_lib.book_category
(ISBN, category_id, book_category_id)
VALUES(4140524445, 4, 95);
INSERT INTO school_lib.book_category
(ISBN, category_id, book_category_id)
VALUES(4172576783, 2, 96);
INSERT INTO school_lib.book_category
(ISBN, category_id, book_category_id)
VALUES(4225334484, 7, 97);
INSERT INTO school_lib.book_category
(ISBN, category_id, book_category_id)
VALUES(4234053780, 5, 98);
INSERT INTO school_lib.book_category
(ISBN, category_id, book_category_id)
VALUES(4255233380, 2, 99);
INSERT INTO school_lib.book_category
(ISBN, category_id, book_category_id)
VALUES(4283105764, 3, 100);
INSERT INTO school_lib.book_category
(ISBN, category_id, book_category_id)
VALUES(4294967295, 5, 101);
INSERT INTO school_lib.book_category
(ISBN, category_id, book_category_id)
VALUES(1071953916, 2, 102);
INSERT INTO school_lib.book_category
(ISBN, category_id, book_category_id)
VALUES(1086847964, 3, 103);
INSERT INTO school_lib.book_category
(ISBN, category_id, book_category_id)
VALUES(1146634707, 4, 104);
INSERT INTO school_lib.book_category
(ISBN, category_id, book_category_id)
VALUES(1191406002, 5, 105);
INSERT INTO school_lib.book_category
(ISBN, category_id, book_category_id)
VALUES(1230423418, 6, 106);
INSERT INTO school_lib.book_category
(ISBN, category_id, book_category_id)
VALUES(1252364469, 7, 107);
INSERT INTO school_lib.book_category
(ISBN, category_id, book_category_id)
VALUES(3005780964, 3, 108);
INSERT INTO school_lib.book_category
(ISBN, category_id, book_category_id)
VALUES(3045396509, 4, 109);
INSERT INTO school_lib.book_category
(ISBN, category_id, book_category_id)
VALUES(3046490378, 5, 110);
INSERT INTO school_lib.book_category
(ISBN, category_id, book_category_id)
VALUES(3061345754, 6, 111);
INSERT INTO school_lib.book_category
(ISBN, category_id, book_category_id)
VALUES(3114297905, 7, 112);
INSERT INTO school_lib.book_category
(ISBN, category_id, book_category_id)
VALUES(3154062454, 8, 113);
INSERT INTO school_lib.book_category
(ISBN, category_id, book_category_id)
VALUES(3167692277, 9, 114);
INSERT INTO school_lib.book_category
(ISBN, category_id, book_category_id)
VALUES(3210839127, 10, 115);
INSERT INTO school_lib.book_category
(ISBN, category_id, book_category_id)
VALUES(3318889281, 9, 116);
INSERT INTO school_lib.book_category
(ISBN, category_id, book_category_id)
VALUES(1597754095, 5, 117);
INSERT INTO school_lib.book_category
(ISBN, category_id, book_category_id)
VALUES(1636263433, 6, 118);
INSERT INTO school_lib.book_category
(ISBN, category_id, book_category_id)
VALUES(1649301220, 2, 119);
INSERT INTO school_lib.book_category
(ISBN, category_id, book_category_id)
VALUES(1690705637, 3, 120);

-- 7)TABLE:key_word

INSERT INTO school_lib.key_word
(key_word_id, word)
VALUES(1, 'sed');
INSERT INTO school_lib.key_word
(key_word_id, word)
VALUES(2, 'modi');
INSERT INTO school_lib.key_word
(key_word_id, word)
VALUES(3, 'ducimus');
INSERT INTO school_lib.key_word
(key_word_id, word)
VALUES(4, 'et');
INSERT INTO school_lib.key_word
(key_word_id, word)
VALUES(5, 'atque');
INSERT INTO school_lib.key_word
(key_word_id, word)
VALUES(6, 'autem');
INSERT INTO school_lib.key_word
(key_word_id, word)
VALUES(7, 'atque');
INSERT INTO school_lib.key_word
(key_word_id, word)
VALUES(8, 'quaerat');
INSERT INTO school_lib.key_word
(key_word_id, word)
VALUES(9, 'aut');
INSERT INTO school_lib.key_word
(key_word_id, word)
VALUES(10, 'ex');
INSERT INTO school_lib.key_word
(key_word_id, word)
VALUES(11, 'quidem');
INSERT INTO school_lib.key_word
(key_word_id, word)
VALUES(12, 'a');
INSERT INTO school_lib.key_word
(key_word_id, word)
VALUES(13, 'quo');
INSERT INTO school_lib.key_word
(key_word_id, word)
VALUES(14, 'aut');
INSERT INTO school_lib.key_word
(key_word_id, word)
VALUES(15, 'cupiditate');
INSERT INTO school_lib.key_word
(key_word_id, word)
VALUES(16, 'qui');
INSERT INTO school_lib.key_word
(key_word_id, word)
VALUES(17, 'quam');
INSERT INTO school_lib.key_word
(key_word_id, word)
VALUES(18, 'officiis');
INSERT INTO school_lib.key_word
(key_word_id, word)
VALUES(19, 'inventore');
INSERT INTO school_lib.key_word
(key_word_id, word)
VALUES(20, 'error');
INSERT INTO school_lib.key_word
(key_word_id, word)
VALUES(21, 'omnis');
INSERT INTO school_lib.key_word
(key_word_id, word)
VALUES(22, 'beatae');
INSERT INTO school_lib.key_word
(key_word_id, word)
VALUES(23, 'quaerat');
INSERT INTO school_lib.key_word
(key_word_id, word)
VALUES(24, 'rerum');
INSERT INTO school_lib.key_word
(key_word_id, word)
VALUES(25, 'quod');
INSERT INTO school_lib.key_word
(key_word_id, word)
VALUES(26, 'modi');
INSERT INTO school_lib.key_word
(key_word_id, word)
VALUES(27, 'sequi');
INSERT INTO school_lib.key_word
(key_word_id, word)
VALUES(28, 'non');
INSERT INTO school_lib.key_word
(key_word_id, word)
VALUES(29, 'ut');
INSERT INTO school_lib.key_word
(key_word_id, word)
VALUES(30, 'nesciunt');
INSERT INTO school_lib.key_word
(key_word_id, word)
VALUES(31, 'tenetur');
INSERT INTO school_lib.key_word
(key_word_id, word)
VALUES(32, 'aut');
INSERT INTO school_lib.key_word
(key_word_id, word)
VALUES(33, 'natus');
INSERT INTO school_lib.key_word
(key_word_id, word)
VALUES(34, 'quaerat');
INSERT INTO school_lib.key_word
(key_word_id, word)
VALUES(35, 'repudiandae');
INSERT INTO school_lib.key_word
(key_word_id, word)
VALUES(36, 'quia');
INSERT INTO school_lib.key_word
(key_word_id, word)
VALUES(37, 'voluptates');
INSERT INTO school_lib.key_word
(key_word_id, word)
VALUES(38, 'quo');
INSERT INTO school_lib.key_word
(key_word_id, word)
VALUES(39, 'vel');
INSERT INTO school_lib.key_word
(key_word_id, word)
VALUES(40, 'dolores');
INSERT INTO school_lib.key_word
(key_word_id, word)
VALUES(41, 'sit');
INSERT INTO school_lib.key_word
(key_word_id, word)
VALUES(42, 'doloribus');
INSERT INTO school_lib.key_word
(key_word_id, word)
VALUES(43, 'sed');
INSERT INTO school_lib.key_word
(key_word_id, word)
VALUES(44, 'hic');
INSERT INTO school_lib.key_word
(key_word_id, word)
VALUES(45, 'adipisci');
INSERT INTO school_lib.key_word
(key_word_id, word)
VALUES(46, 'sint');
INSERT INTO school_lib.key_word
(key_word_id, word)
VALUES(47, 'officiis');
INSERT INTO school_lib.key_word
(key_word_id, word)
VALUES(48, 'voluptatem');
INSERT INTO school_lib.key_word
(key_word_id, word)
VALUES(49, 'temporibus');
INSERT INTO school_lib.key_word
(key_word_id, word)
VALUES(50, 'aliquid');
INSERT INTO school_lib.key_word
(key_word_id, word)
VALUES(51, 'quia');
INSERT INTO school_lib.key_word
(key_word_id, word)
VALUES(52, 'ullam');
INSERT INTO school_lib.key_word
(key_word_id, word)
VALUES(53, 'voluptas');
INSERT INTO school_lib.key_word
(key_word_id, word)
VALUES(54, 'ut');
INSERT INTO school_lib.key_word
(key_word_id, word)
VALUES(55, 'incidunt');
INSERT INTO school_lib.key_word
(key_word_id, word)
VALUES(56, 'et');
INSERT INTO school_lib.key_word
(key_word_id, word)
VALUES(57, 'impedit');
INSERT INTO school_lib.key_word
(key_word_id, word)
VALUES(58, 'expedita');
INSERT INTO school_lib.key_word
(key_word_id, word)
VALUES(59, 'voluptatum');
INSERT INTO school_lib.key_word
(key_word_id, word)
VALUES(60, 'dolor');
INSERT INTO school_lib.key_word
(key_word_id, word)
VALUES(61, 'quo');
INSERT INTO school_lib.key_word
(key_word_id, word)
VALUES(62, 'unde');
INSERT INTO school_lib.key_word
(key_word_id, word)
VALUES(63, 'sed');
INSERT INTO school_lib.key_word
(key_word_id, word)
VALUES(64, 'non');
INSERT INTO school_lib.key_word
(key_word_id, word)
VALUES(65, 'iusto');
INSERT INTO school_lib.key_word
(key_word_id, word)
VALUES(66, 'sit');
INSERT INTO school_lib.key_word
(key_word_id, word)
VALUES(67, 'ipsa');
INSERT INTO school_lib.key_word
(key_word_id, word)
VALUES(68, 'id');
INSERT INTO school_lib.key_word
(key_word_id, word)
VALUES(69, 'accusantium');
INSERT INTO school_lib.key_word
(key_word_id, word)
VALUES(70, 'ut');
INSERT INTO school_lib.key_word
(key_word_id, word)
VALUES(71, 'nesciunt');
INSERT INTO school_lib.key_word
(key_word_id, word)
VALUES(72, 'eius');
INSERT INTO school_lib.key_word
(key_word_id, word)
VALUES(73, 'ut');
INSERT INTO school_lib.key_word
(key_word_id, word)
VALUES(74, 'aliquid');
INSERT INTO school_lib.key_word
(key_word_id, word)
VALUES(75, 'quis');
INSERT INTO school_lib.key_word
(key_word_id, word)
VALUES(76, 'dolorum');
INSERT INTO school_lib.key_word
(key_word_id, word)
VALUES(77, 'architecto');
INSERT INTO school_lib.key_word
(key_word_id, word)
VALUES(78, 'sunt');
INSERT INTO school_lib.key_word
(key_word_id, word)
VALUES(79, 'quidem');
INSERT INTO school_lib.key_word
(key_word_id, word)
VALUES(80, 'beatae');
INSERT INTO school_lib.key_word
(key_word_id, word)
VALUES(81, 'adipisci');
INSERT INTO school_lib.key_word
(key_word_id, word)
VALUES(82, 'animi');
INSERT INTO school_lib.key_word
(key_word_id, word)
VALUES(83, 'rerum');
INSERT INTO school_lib.key_word
(key_word_id, word)
VALUES(84, 'non');
INSERT INTO school_lib.key_word
(key_word_id, word)
VALUES(85, 'consequuntur');
INSERT INTO school_lib.key_word
(key_word_id, word)
VALUES(86, 'quasi');
INSERT INTO school_lib.key_word
(key_word_id, word)
VALUES(87, 'nihil');
INSERT INTO school_lib.key_word
(key_word_id, word)
VALUES(88, 'et');
INSERT INTO school_lib.key_word
(key_word_id, word)
VALUES(89, 'accusamus');
INSERT INTO school_lib.key_word
(key_word_id, word)
VALUES(90, 'et');
INSERT INTO school_lib.key_word
(key_word_id, word)
VALUES(91, 'optio');
INSERT INTO school_lib.key_word
(key_word_id, word)
VALUES(92, 'omnis');
INSERT INTO school_lib.key_word
(key_word_id, word)
VALUES(93, 'magnam');
INSERT INTO school_lib.key_word
(key_word_id, word)
VALUES(94, 'sit');
INSERT INTO school_lib.key_word
(key_word_id, word)
VALUES(95, 'sint');
INSERT INTO school_lib.key_word
(key_word_id, word)
VALUES(96, 'iusto');
INSERT INTO school_lib.key_word
(key_word_id, word)
VALUES(97, 'laborum');
INSERT INTO school_lib.key_word
(key_word_id, word)
VALUES(98, 'est');
INSERT INTO school_lib.key_word
(key_word_id, word)
VALUES(99, 'omnis');
INSERT INTO school_lib.key_word
(key_word_id, word)
VALUES(100, 'et');
INSERT INTO school_lib.key_word
(key_word_id, word)
VALUES(101, 'minima');
INSERT INTO school_lib.key_word
(key_word_id, word)
VALUES(102, 'est');
INSERT INTO school_lib.key_word
(key_word_id, word)
VALUES(103, 'possimus');
INSERT INTO school_lib.key_word
(key_word_id, word)
VALUES(104, 'est');
INSERT INTO school_lib.key_word
(key_word_id, word)
VALUES(105, 'omnis');
INSERT INTO school_lib.key_word
(key_word_id, word)
VALUES(106, 'et');
INSERT INTO school_lib.key_word
(key_word_id, word)
VALUES(107, 'dolores');
INSERT INTO school_lib.key_word
(key_word_id, word)
VALUES(108, 'sit');
INSERT INTO school_lib.key_word
(key_word_id, word)
VALUES(109, 'aliquid');
INSERT INTO school_lib.key_word
(key_word_id, word)
VALUES(110, 'excepturi');
INSERT INTO school_lib.key_word
(key_word_id, word)
VALUES(111, 'temporibus');
INSERT INTO school_lib.key_word
(key_word_id, word)
VALUES(112, 'commodi');
INSERT INTO school_lib.key_word
(key_word_id, word)
VALUES(113, 'saepe');
INSERT INTO school_lib.key_word
(key_word_id, word)
VALUES(114, 'nihil');
INSERT INTO school_lib.key_word
(key_word_id, word)
VALUES(115, 'ea');
INSERT INTO school_lib.key_word
(key_word_id, word)
VALUES(116, 'ut');
INSERT INTO school_lib.key_word
(key_word_id, word)
VALUES(117, 'soluta');
INSERT INTO school_lib.key_word
(key_word_id, word)
VALUES(118, 'sit');
INSERT INTO school_lib.key_word
(key_word_id, word)
VALUES(119, 'assumenda');
INSERT INTO school_lib.key_word
(key_word_id, word)
VALUES(120, 'rerum');
INSERT INTO school_lib.key_word
(key_word_id, word)
VALUES(121, 'aut');
INSERT INTO school_lib.key_word
(key_word_id, word)
VALUES(122, 'perspiciatis');
INSERT INTO school_lib.key_word
(key_word_id, word)
VALUES(123, 'qui');
INSERT INTO school_lib.key_word
(key_word_id, word)
VALUES(124, 'qui');
INSERT INTO school_lib.key_word
(key_word_id, word)
VALUES(125, 'voluptatem');
INSERT INTO school_lib.key_word
(key_word_id, word)
VALUES(126, 'beatae');
INSERT INTO school_lib.key_word
(key_word_id, word)
VALUES(127, 'quibusdam');
INSERT INTO school_lib.key_word
(key_word_id, word)
VALUES(128, 'qui');
INSERT INTO school_lib.key_word
(key_word_id, word)
VALUES(129, 'consequatur');
INSERT INTO school_lib.key_word
(key_word_id, word)
VALUES(130, 'facilis');
INSERT INTO school_lib.key_word
(key_word_id, word)
VALUES(131, 'autem');
INSERT INTO school_lib.key_word
(key_word_id, word)
VALUES(132, 'quia');
INSERT INTO school_lib.key_word
(key_word_id, word)
VALUES(133, 'occaecati');
INSERT INTO school_lib.key_word
(key_word_id, word)
VALUES(134, 'quis');
INSERT INTO school_lib.key_word
(key_word_id, word)
VALUES(135, 'nisi');
INSERT INTO school_lib.key_word
(key_word_id, word)
VALUES(136, 'itaque');
INSERT INTO school_lib.key_word
(key_word_id, word)
VALUES(137, 'et');
INSERT INTO school_lib.key_word
(key_word_id, word)
VALUES(138, 'asperiores');
INSERT INTO school_lib.key_word
(key_word_id, word)
VALUES(139, 'nostrum');
INSERT INTO school_lib.key_word
(key_word_id, word)
VALUES(140, 'iste');
INSERT INTO school_lib.key_word
(key_word_id, word)
VALUES(141, 'ut');
INSERT INTO school_lib.key_word
(key_word_id, word)
VALUES(142, 'suscipit');
INSERT INTO school_lib.key_word
(key_word_id, word)
VALUES(143, 'ut');
INSERT INTO school_lib.key_word
(key_word_id, word)
VALUES(144, 'quia');
INSERT INTO school_lib.key_word
(key_word_id, word)
VALUES(145, 'atque');
INSERT INTO school_lib.key_word
(key_word_id, word)
VALUES(146, 'quae');
INSERT INTO school_lib.key_word
(key_word_id, word)
VALUES(147, 'ducimus');
INSERT INTO school_lib.key_word
(key_word_id, word)
VALUES(148, 'rerum');
INSERT INTO school_lib.key_word
(key_word_id, word)
VALUES(149, 'nam');
INSERT INTO school_lib.key_word
(key_word_id, word)
VALUES(150, 'consequatur');
INSERT INTO school_lib.key_word
(key_word_id, word)
VALUES(151, 'delectus');
INSERT INTO school_lib.key_word
(key_word_id, word)
VALUES(152, 'magni');
INSERT INTO school_lib.key_word
(key_word_id, word)
VALUES(153, 'nostrum');
INSERT INTO school_lib.key_word
(key_word_id, word)
VALUES(154, 'accusamus');
INSERT INTO school_lib.key_word
(key_word_id, word)
VALUES(155, 'architecto');
INSERT INTO school_lib.key_word
(key_word_id, word)
VALUES(156, 'vero');
INSERT INTO school_lib.key_word
(key_word_id, word)
VALUES(157, 'sunt');
INSERT INTO school_lib.key_word
(key_word_id, word)
VALUES(158, 'dolor');
INSERT INTO school_lib.key_word
(key_word_id, word)
VALUES(159, 'ut');
INSERT INTO school_lib.key_word
(key_word_id, word)
VALUES(160, 'perferendis');
INSERT INTO school_lib.key_word
(key_word_id, word)
VALUES(161, 'ullam');
INSERT INTO school_lib.key_word
(key_word_id, word)
VALUES(162, 'voluptate');
INSERT INTO school_lib.key_word
(key_word_id, word)
VALUES(163, 'molestias');
INSERT INTO school_lib.key_word
(key_word_id, word)
VALUES(164, 'in');
INSERT INTO school_lib.key_word
(key_word_id, word)
VALUES(165, 'est');
INSERT INTO school_lib.key_word
(key_word_id, word)
VALUES(166, 'ut');
INSERT INTO school_lib.key_word
(key_word_id, word)
VALUES(167, 'aut');
INSERT INTO school_lib.key_word
(key_word_id, word)
VALUES(168, 'et');
INSERT INTO school_lib.key_word
(key_word_id, word)
VALUES(169, 'tempore');
INSERT INTO school_lib.key_word
(key_word_id, word)
VALUES(170, 'voluptatem');
INSERT INTO school_lib.key_word
(key_word_id, word)
VALUES(171, 'deleniti');
INSERT INTO school_lib.key_word
(key_word_id, word)
VALUES(172, 'ea');
INSERT INTO school_lib.key_word
(key_word_id, word)
VALUES(173, 'dolore');
INSERT INTO school_lib.key_word
(key_word_id, word)
VALUES(174, 'nostrum');
INSERT INTO school_lib.key_word
(key_word_id, word)
VALUES(175, 'quos');
INSERT INTO school_lib.key_word
(key_word_id, word)
VALUES(176, 'soluta');
INSERT INTO school_lib.key_word
(key_word_id, word)
VALUES(177, 'omnis');
INSERT INTO school_lib.key_word
(key_word_id, word)
VALUES(178, 'nisi');
INSERT INTO school_lib.key_word
(key_word_id, word)
VALUES(179, 'modi');
INSERT INTO school_lib.key_word
(key_word_id, word)
VALUES(180, 'doloremque');
INSERT INTO school_lib.key_word
(key_word_id, word)
VALUES(181, 'itaque');
INSERT INTO school_lib.key_word
(key_word_id, word)
VALUES(182, 'dolor');
INSERT INTO school_lib.key_word
(key_word_id, word)
VALUES(183, 'aspernatur');
INSERT INTO school_lib.key_word
(key_word_id, word)
VALUES(184, 'nobis');
INSERT INTO school_lib.key_word
(key_word_id, word)
VALUES(185, 'quo');
INSERT INTO school_lib.key_word
(key_word_id, word)
VALUES(186, 'nam');
INSERT INTO school_lib.key_word
(key_word_id, word)
VALUES(187, 'nihil');
INSERT INTO school_lib.key_word
(key_word_id, word)
VALUES(188, 'omnis');
INSERT INTO school_lib.key_word
(key_word_id, word)
VALUES(189, 'praesentium');
INSERT INTO school_lib.key_word
(key_word_id, word)
VALUES(190, 'fugiat');
INSERT INTO school_lib.key_word
(key_word_id, word)
VALUES(191, 'aperiam');
INSERT INTO school_lib.key_word
(key_word_id, word)
VALUES(192, 'minima');
INSERT INTO school_lib.key_word
(key_word_id, word)
VALUES(193, 'aut');
INSERT INTO school_lib.key_word
(key_word_id, word)
VALUES(194, 'accusamus');
INSERT INTO school_lib.key_word
(key_word_id, word)
VALUES(195, 'enim');
INSERT INTO school_lib.key_word
(key_word_id, word)
VALUES(196, 'asperiores');
INSERT INTO school_lib.key_word
(key_word_id, word)
VALUES(197, 'nihil');
INSERT INTO school_lib.key_word
(key_word_id, word)
VALUES(198, 'non');
INSERT INTO school_lib.key_word
(key_word_id, word)
VALUES(199, 'placeat');
INSERT INTO school_lib.key_word
(key_word_id, word)
VALUES(200, 'aut');


-- 5)TABLE:book_key_words

INSERT INTO school_lib.book_key_words
(ISBN, key_word_id, book_key_word_id)
VALUES(1071953916, 1, 1);
INSERT INTO school_lib.book_key_words
(ISBN, key_word_id, book_key_word_id)
VALUES(1086847964, 2, 2);
INSERT INTO school_lib.book_key_words
(ISBN, key_word_id, book_key_word_id)
VALUES(1146634707, 3, 3);
INSERT INTO school_lib.book_key_words
(ISBN, key_word_id, book_key_word_id)
VALUES(1191406002, 4, 4);
INSERT INTO school_lib.book_key_words
(ISBN, key_word_id, book_key_word_id)
VALUES(1230423418, 5, 5);
INSERT INTO school_lib.book_key_words
(ISBN, key_word_id, book_key_word_id)
VALUES(1252364469, 6, 6);
INSERT INTO school_lib.book_key_words
(ISBN, key_word_id, book_key_word_id)
VALUES(1279530422, 7, 7);
INSERT INTO school_lib.book_key_words
(ISBN, key_word_id, book_key_word_id)
VALUES(1373620112, 8, 8);
INSERT INTO school_lib.book_key_words
(ISBN, key_word_id, book_key_word_id)
VALUES(1389010684, 9, 9);
INSERT INTO school_lib.book_key_words
(ISBN, key_word_id, book_key_word_id)
VALUES(1413600512, 10, 10);
INSERT INTO school_lib.book_key_words
(ISBN, key_word_id, book_key_word_id)
VALUES(1433321773, 11, 11);
INSERT INTO school_lib.book_key_words
(ISBN, key_word_id, book_key_word_id)
VALUES(1487567215, 12, 12);
INSERT INTO school_lib.book_key_words
(ISBN, key_word_id, book_key_word_id)
VALUES(1565072107, 13, 13);
INSERT INTO school_lib.book_key_words
(ISBN, key_word_id, book_key_word_id)
VALUES(1597754095, 14, 14);
INSERT INTO school_lib.book_key_words
(ISBN, key_word_id, book_key_word_id)
VALUES(1636263433, 15, 15);
INSERT INTO school_lib.book_key_words
(ISBN, key_word_id, book_key_word_id)
VALUES(1649301220, 16, 16);
INSERT INTO school_lib.book_key_words
(ISBN, key_word_id, book_key_word_id)
VALUES(1690705637, 17, 17);
INSERT INTO school_lib.book_key_words
(ISBN, key_word_id, book_key_word_id)
VALUES(1734732728, 18, 18);
INSERT INTO school_lib.book_key_words
(ISBN, key_word_id, book_key_word_id)
VALUES(1750578633, 19, 19);
INSERT INTO school_lib.book_key_words
(ISBN, key_word_id, book_key_word_id)
VALUES(1769821979, 20, 20);
INSERT INTO school_lib.book_key_words
(ISBN, key_word_id, book_key_word_id)
VALUES(1792088863, 21, 21);
INSERT INTO school_lib.book_key_words
(ISBN, key_word_id, book_key_word_id)
VALUES(1881029380, 22, 22);
INSERT INTO school_lib.book_key_words
(ISBN, key_word_id, book_key_word_id)
VALUES(1887691000, 23, 23);
INSERT INTO school_lib.book_key_words
(ISBN, key_word_id, book_key_word_id)
VALUES(1901021427, 24, 24);
INSERT INTO school_lib.book_key_words
(ISBN, key_word_id, book_key_word_id)
VALUES(1906007459, 25, 25);
INSERT INTO school_lib.book_key_words
(ISBN, key_word_id, book_key_word_id)
VALUES(1915803524, 26, 26);
INSERT INTO school_lib.book_key_words
(ISBN, key_word_id, book_key_word_id)
VALUES(1917004279, 27, 27);
INSERT INTO school_lib.book_key_words
(ISBN, key_word_id, book_key_word_id)
VALUES(1963962468, 28, 28);
INSERT INTO school_lib.book_key_words
(ISBN, key_word_id, book_key_word_id)
VALUES(2004872161, 29, 29);
INSERT INTO school_lib.book_key_words
(ISBN, key_word_id, book_key_word_id)
VALUES(2010782732, 30, 30);
INSERT INTO school_lib.book_key_words
(ISBN, key_word_id, book_key_word_id)
VALUES(2022488326, 31, 31);
INSERT INTO school_lib.book_key_words
(ISBN, key_word_id, book_key_word_id)
VALUES(2045083548, 32, 32);
INSERT INTO school_lib.book_key_words
(ISBN, key_word_id, book_key_word_id)
VALUES(2074653865, 33, 33);
INSERT INTO school_lib.book_key_words
(ISBN, key_word_id, book_key_word_id)
VALUES(2094614387, 34, 34);
INSERT INTO school_lib.book_key_words
(ISBN, key_word_id, book_key_word_id)
VALUES(2117869043, 35, 35);
INSERT INTO school_lib.book_key_words
(ISBN, key_word_id, book_key_word_id)
VALUES(2134658685, 36, 36);
INSERT INTO school_lib.book_key_words
(ISBN, key_word_id, book_key_word_id)
VALUES(2151394262, 37, 37);
INSERT INTO school_lib.book_key_words
(ISBN, key_word_id, book_key_word_id)
VALUES(2198073157, 38, 38);
INSERT INTO school_lib.book_key_words
(ISBN, key_word_id, book_key_word_id)
VALUES(2209232827, 39, 39);
INSERT INTO school_lib.book_key_words
(ISBN, key_word_id, book_key_word_id)
VALUES(2290059243, 40, 40);
INSERT INTO school_lib.book_key_words
(ISBN, key_word_id, book_key_word_id)
VALUES(2339601579, 41, 41);
INSERT INTO school_lib.book_key_words
(ISBN, key_word_id, book_key_word_id)
VALUES(2352019659, 42, 42);
INSERT INTO school_lib.book_key_words
(ISBN, key_word_id, book_key_word_id)
VALUES(2362905305, 43, 43);
INSERT INTO school_lib.book_key_words
(ISBN, key_word_id, book_key_word_id)
VALUES(2381383789, 44, 44);
INSERT INTO school_lib.book_key_words
(ISBN, key_word_id, book_key_word_id)
VALUES(2474227933, 45, 45);
INSERT INTO school_lib.book_key_words
(ISBN, key_word_id, book_key_word_id)
VALUES(2474784286, 46, 46);
INSERT INTO school_lib.book_key_words
(ISBN, key_word_id, book_key_word_id)
VALUES(2507344536, 47, 47);
INSERT INTO school_lib.book_key_words
(ISBN, key_word_id, book_key_word_id)
VALUES(2507677778, 48, 48);
INSERT INTO school_lib.book_key_words
(ISBN, key_word_id, book_key_word_id)
VALUES(2516010187, 49, 49);
INSERT INTO school_lib.book_key_words
(ISBN, key_word_id, book_key_word_id)
VALUES(2541824557, 50, 50);
INSERT INTO school_lib.book_key_words
(ISBN, key_word_id, book_key_word_id)
VALUES(2584479192, 51, 51);
INSERT INTO school_lib.book_key_words
(ISBN, key_word_id, book_key_word_id)
VALUES(2711594369, 52, 52);
INSERT INTO school_lib.book_key_words
(ISBN, key_word_id, book_key_word_id)
VALUES(2730834547, 53, 53);
INSERT INTO school_lib.book_key_words
(ISBN, key_word_id, book_key_word_id)
VALUES(2784526064, 54, 54);
INSERT INTO school_lib.book_key_words
(ISBN, key_word_id, book_key_word_id)
VALUES(2786846406, 55, 55);
INSERT INTO school_lib.book_key_words
(ISBN, key_word_id, book_key_word_id)
VALUES(2808868455, 56, 56);
INSERT INTO school_lib.book_key_words
(ISBN, key_word_id, book_key_word_id)
VALUES(2874081058, 57, 57);
INSERT INTO school_lib.book_key_words
(ISBN, key_word_id, book_key_word_id)
VALUES(2938674202, 58, 58);
INSERT INTO school_lib.book_key_words
(ISBN, key_word_id, book_key_word_id)
VALUES(2956978004, 59, 59);
INSERT INTO school_lib.book_key_words
(ISBN, key_word_id, book_key_word_id)
VALUES(2986646716, 60, 60);
INSERT INTO school_lib.book_key_words
(ISBN, key_word_id, book_key_word_id)
VALUES(2987223833, 61, 61);
INSERT INTO school_lib.book_key_words
(ISBN, key_word_id, book_key_word_id)
VALUES(3005780964, 62, 62);
INSERT INTO school_lib.book_key_words
(ISBN, key_word_id, book_key_word_id)
VALUES(3045396509, 63, 63);
INSERT INTO school_lib.book_key_words
(ISBN, key_word_id, book_key_word_id)
VALUES(3046490378, 64, 64);
INSERT INTO school_lib.book_key_words
(ISBN, key_word_id, book_key_word_id)
VALUES(3061345754, 65, 65);
INSERT INTO school_lib.book_key_words
(ISBN, key_word_id, book_key_word_id)
VALUES(3114297905, 66, 66);
INSERT INTO school_lib.book_key_words
(ISBN, key_word_id, book_key_word_id)
VALUES(3154062454, 67, 67);
INSERT INTO school_lib.book_key_words
(ISBN, key_word_id, book_key_word_id)
VALUES(3167692277, 68, 68);
INSERT INTO school_lib.book_key_words
(ISBN, key_word_id, book_key_word_id)
VALUES(3210839127, 69, 69);
INSERT INTO school_lib.book_key_words
(ISBN, key_word_id, book_key_word_id)
VALUES(3318889281, 70, 70);
INSERT INTO school_lib.book_key_words
(ISBN, key_word_id, book_key_word_id)
VALUES(3382621102, 71, 71);
INSERT INTO school_lib.book_key_words
(ISBN, key_word_id, book_key_word_id)
VALUES(3401655907, 72, 72);
INSERT INTO school_lib.book_key_words
(ISBN, key_word_id, book_key_word_id)
VALUES(3404826024, 73, 73);
INSERT INTO school_lib.book_key_words
(ISBN, key_word_id, book_key_word_id)
VALUES(3424917105, 74, 74);
INSERT INTO school_lib.book_key_words
(ISBN, key_word_id, book_key_word_id)
VALUES(3509802907, 75, 75);
INSERT INTO school_lib.book_key_words
(ISBN, key_word_id, book_key_word_id)
VALUES(3564339946, 76, 76);
INSERT INTO school_lib.book_key_words
(ISBN, key_word_id, book_key_word_id)
VALUES(3567504627, 77, 77);
INSERT INTO school_lib.book_key_words
(ISBN, key_word_id, book_key_word_id)
VALUES(3595302830, 78, 78);
INSERT INTO school_lib.book_key_words
(ISBN, key_word_id, book_key_word_id)
VALUES(3623405466, 79, 79);
INSERT INTO school_lib.book_key_words
(ISBN, key_word_id, book_key_word_id)
VALUES(3630241589, 80, 80);
INSERT INTO school_lib.book_key_words
(ISBN, key_word_id, book_key_word_id)
VALUES(3703629765, 81, 81);
INSERT INTO school_lib.book_key_words
(ISBN, key_word_id, book_key_word_id)
VALUES(3709974127, 82, 82);
INSERT INTO school_lib.book_key_words
(ISBN, key_word_id, book_key_word_id)
VALUES(3749700837, 83, 83);
INSERT INTO school_lib.book_key_words
(ISBN, key_word_id, book_key_word_id)
VALUES(3772760191, 84, 84);
INSERT INTO school_lib.book_key_words
(ISBN, key_word_id, book_key_word_id)
VALUES(3826918663, 85, 85);
INSERT INTO school_lib.book_key_words
(ISBN, key_word_id, book_key_word_id)
VALUES(3918896331, 86, 86);
INSERT INTO school_lib.book_key_words
(ISBN, key_word_id, book_key_word_id)
VALUES(3972174623, 87, 87);
INSERT INTO school_lib.book_key_words
(ISBN, key_word_id, book_key_word_id)
VALUES(3972483310, 88, 88);
INSERT INTO school_lib.book_key_words
(ISBN, key_word_id, book_key_word_id)
VALUES(3980133275, 89, 89);
INSERT INTO school_lib.book_key_words
(ISBN, key_word_id, book_key_word_id)
VALUES(4075108600, 90, 90);
INSERT INTO school_lib.book_key_words
(ISBN, key_word_id, book_key_word_id)
VALUES(4076353662, 91, 91);
INSERT INTO school_lib.book_key_words
(ISBN, key_word_id, book_key_word_id)
VALUES(4099084694, 92, 92);
INSERT INTO school_lib.book_key_words
(ISBN, key_word_id, book_key_word_id)
VALUES(4114515367, 93, 93);
INSERT INTO school_lib.book_key_words
(ISBN, key_word_id, book_key_word_id)
VALUES(4118466201, 94, 94);
INSERT INTO school_lib.book_key_words
(ISBN, key_word_id, book_key_word_id)
VALUES(4140524445, 95, 95);
INSERT INTO school_lib.book_key_words
(ISBN, key_word_id, book_key_word_id)
VALUES(4172576783, 96, 96);
INSERT INTO school_lib.book_key_words
(ISBN, key_word_id, book_key_word_id)
VALUES(4225334484, 97, 97);
INSERT INTO school_lib.book_key_words
(ISBN, key_word_id, book_key_word_id)
VALUES(4234053780, 98, 98);
INSERT INTO school_lib.book_key_words
(ISBN, key_word_id, book_key_word_id)
VALUES(4255233380, 99, 99);
INSERT INTO school_lib.book_key_words
(ISBN, key_word_id, book_key_word_id)
VALUES(4283105764, 100, 100);
INSERT INTO school_lib.book_key_words
(ISBN, key_word_id, book_key_word_id)
VALUES(4294967295, 101, 101);
INSERT INTO school_lib.book_key_words
(ISBN, key_word_id, book_key_word_id)
VALUES(1071953916, 102, 102);
INSERT INTO school_lib.book_key_words
(ISBN, key_word_id, book_key_word_id)
VALUES(1086847964, 103, 103);
INSERT INTO school_lib.book_key_words
(ISBN, key_word_id, book_key_word_id)
VALUES(1146634707, 104, 104);
INSERT INTO school_lib.book_key_words
(ISBN, key_word_id, book_key_word_id)
VALUES(1191406002, 105, 105);
INSERT INTO school_lib.book_key_words
(ISBN, key_word_id, book_key_word_id)
VALUES(1230423418, 106, 106);
INSERT INTO school_lib.book_key_words
(ISBN, key_word_id, book_key_word_id)
VALUES(1487567215, 107, 107);
INSERT INTO school_lib.book_key_words
(ISBN, key_word_id, book_key_word_id)
VALUES(1565072107, 108, 108);
INSERT INTO school_lib.book_key_words
(ISBN, key_word_id, book_key_word_id)
VALUES(1597754095, 109, 109);
INSERT INTO school_lib.book_key_words
(ISBN, key_word_id, book_key_word_id)
VALUES(1636263433, 110, 110);
INSERT INTO school_lib.book_key_words
(ISBN, key_word_id, book_key_word_id)
VALUES(1649301220, 111, 111);
INSERT INTO school_lib.book_key_words
(ISBN, key_word_id, book_key_word_id)
VALUES(1690705637, 112, 112);
INSERT INTO school_lib.book_key_words
(ISBN, key_word_id, book_key_word_id)
VALUES(1734732728, 113, 113);
INSERT INTO school_lib.book_key_words
(ISBN, key_word_id, book_key_word_id)
VALUES(1750578633, 114, 114);
INSERT INTO school_lib.book_key_words
(ISBN, key_word_id, book_key_word_id)
VALUES(1769821979, 115, 115);
INSERT INTO school_lib.book_key_words
(ISBN, key_word_id, book_key_word_id)
VALUES(1792088863, 116, 116);
INSERT INTO school_lib.book_key_words
(ISBN, key_word_id, book_key_word_id)
VALUES(1881029380, 117, 117);
INSERT INTO school_lib.book_key_words
(ISBN, key_word_id, book_key_word_id)
VALUES(1887691000, 118, 118);
INSERT INTO school_lib.book_key_words
(ISBN, key_word_id, book_key_word_id)
VALUES(1901021427, 119, 119);
INSERT INTO school_lib.book_key_words
(ISBN, key_word_id, book_key_word_id)
VALUES(1906007459, 120, 120);
INSERT INTO school_lib.book_key_words
(ISBN, key_word_id, book_key_word_id)
VALUES(1915803524, 121, 121);
INSERT INTO school_lib.book_key_words
(ISBN, key_word_id, book_key_word_id)
VALUES(1917004279, 122, 122);
INSERT INTO school_lib.book_key_words
(ISBN, key_word_id, book_key_word_id)
VALUES(3167692277, 123, 123);
INSERT INTO school_lib.book_key_words
(ISBN, key_word_id, book_key_word_id)
VALUES(3210839127, 124, 124);
INSERT INTO school_lib.book_key_words
(ISBN, key_word_id, book_key_word_id)
VALUES(3318889281, 125, 125);
INSERT INTO school_lib.book_key_words
(ISBN, key_word_id, book_key_word_id)
VALUES(3382621102, 126, 126);
INSERT INTO school_lib.book_key_words
(ISBN, key_word_id, book_key_word_id)
VALUES(3401655907, 127, 127);
INSERT INTO school_lib.book_key_words
(ISBN, key_word_id, book_key_word_id)
VALUES(3404826024, 128, 128);
INSERT INTO school_lib.book_key_words
(ISBN, key_word_id, book_key_word_id)
VALUES(3424917105, 129, 129);
INSERT INTO school_lib.book_key_words
(ISBN, key_word_id, book_key_word_id)
VALUES(3509802907, 130, 130);
INSERT INTO school_lib.book_key_words
(ISBN, key_word_id, book_key_word_id)
VALUES(3564339946, 131, 131);
INSERT INTO school_lib.book_key_words
(ISBN, key_word_id, book_key_word_id)
VALUES(3567504627, 132, 132);
INSERT INTO school_lib.book_key_words
(ISBN, key_word_id, book_key_word_id)
VALUES(3595302830, 133, 133);
INSERT INTO school_lib.book_key_words
(ISBN, key_word_id, book_key_word_id)
VALUES(3623405466, 134, 134);
INSERT INTO school_lib.book_key_words
(ISBN, key_word_id, book_key_word_id)
VALUES(3630241589, 135, 135);
INSERT INTO school_lib.book_key_words
(ISBN, key_word_id, book_key_word_id)
VALUES(3703629765, 136, 136);
INSERT INTO school_lib.book_key_words
(ISBN, key_word_id, book_key_word_id)
VALUES(3709974127, 137, 137);
INSERT INTO school_lib.book_key_words
(ISBN, key_word_id, book_key_word_id)
VALUES(3749700837, 138, 138);
INSERT INTO school_lib.book_key_words
(ISBN, key_word_id, book_key_word_id)
VALUES(3772760191, 139, 139);
INSERT INTO school_lib.book_key_words
(ISBN, key_word_id, book_key_word_id)
VALUES(3826918663, 140, 140);
INSERT INTO school_lib.book_key_words
(ISBN, key_word_id, book_key_word_id)
VALUES(1191406002, 141, 141);
INSERT INTO school_lib.book_key_words
(ISBN, key_word_id, book_key_word_id)
VALUES(1230423418, 142, 142);
INSERT INTO school_lib.book_key_words
(ISBN, key_word_id, book_key_word_id)
VALUES(1252364469, 143, 143);
INSERT INTO school_lib.book_key_words
(ISBN, key_word_id, book_key_word_id)
VALUES(1279530422, 144, 144);
INSERT INTO school_lib.book_key_words
(ISBN, key_word_id, book_key_word_id)
VALUES(1373620112, 145, 145);
INSERT INTO school_lib.book_key_words
(ISBN, key_word_id, book_key_word_id)
VALUES(1389010684, 146, 146);
INSERT INTO school_lib.book_key_words
(ISBN, key_word_id, book_key_word_id)
VALUES(1413600512, 147, 147);
INSERT INTO school_lib.book_key_words
(ISBN, key_word_id, book_key_word_id)
VALUES(1433321773, 148, 148);
INSERT INTO school_lib.book_key_words
(ISBN, key_word_id, book_key_word_id)
VALUES(1487567215, 149, 149);
INSERT INTO school_lib.book_key_words
(ISBN, key_word_id, book_key_word_id)
VALUES(1565072107, 150, 150);
INSERT INTO school_lib.book_key_words
(ISBN, key_word_id, book_key_word_id)
VALUES(1597754095, 151, 151);
INSERT INTO school_lib.book_key_words
(ISBN, key_word_id, book_key_word_id)
VALUES(1636263433, 152, 152);
INSERT INTO school_lib.book_key_words
(ISBN, key_word_id, book_key_word_id)
VALUES(1649301220, 153, 153);
INSERT INTO school_lib.book_key_words
(ISBN, key_word_id, book_key_word_id)
VALUES(1690705637, 154, 154);
INSERT INTO school_lib.book_key_words
(ISBN, key_word_id, book_key_word_id)
VALUES(1734732728, 155, 155);
INSERT INTO school_lib.book_key_words
(ISBN, key_word_id, book_key_word_id)
VALUES(1750578633, 156, 156);
INSERT INTO school_lib.book_key_words
(ISBN, key_word_id, book_key_word_id)
VALUES(1769821979, 157, 157);
INSERT INTO school_lib.book_key_words
(ISBN, key_word_id, book_key_word_id)
VALUES(1792088863, 158, 158);
INSERT INTO school_lib.book_key_words
(ISBN, key_word_id, book_key_word_id)
VALUES(1881029380, 159, 159);
INSERT INTO school_lib.book_key_words
(ISBN, key_word_id, book_key_word_id)
VALUES(1887691000, 160, 160);
INSERT INTO school_lib.book_key_words
(ISBN, key_word_id, book_key_word_id)
VALUES(1901021427, 161, 161);
INSERT INTO school_lib.book_key_words
(ISBN, key_word_id, book_key_word_id)
VALUES(1906007459, 162, 162);
INSERT INTO school_lib.book_key_words
(ISBN, key_word_id, book_key_word_id)
VALUES(1915803524, 163, 163);
INSERT INTO school_lib.book_key_words
(ISBN, key_word_id, book_key_word_id)
VALUES(2045083548, 164, 164);
INSERT INTO school_lib.book_key_words
(ISBN, key_word_id, book_key_word_id)
VALUES(2074653865, 165, 165);
INSERT INTO school_lib.book_key_words
(ISBN, key_word_id, book_key_word_id)
VALUES(2094614387, 166, 166);
INSERT INTO school_lib.book_key_words
(ISBN, key_word_id, book_key_word_id)
VALUES(2117869043, 167, 167);
INSERT INTO school_lib.book_key_words
(ISBN, key_word_id, book_key_word_id)
VALUES(2134658685, 168, 168);
INSERT INTO school_lib.book_key_words
(ISBN, key_word_id, book_key_word_id)
VALUES(2151394262, 169, 169);
INSERT INTO school_lib.book_key_words
(ISBN, key_word_id, book_key_word_id)
VALUES(2198073157, 170, 170);
INSERT INTO school_lib.book_key_words
(ISBN, key_word_id, book_key_word_id)
VALUES(2209232827, 171, 171);
INSERT INTO school_lib.book_key_words
(ISBN, key_word_id, book_key_word_id)
VALUES(2290059243, 172, 172);
INSERT INTO school_lib.book_key_words
(ISBN, key_word_id, book_key_word_id)
VALUES(2339601579, 173, 173);
INSERT INTO school_lib.book_key_words
(ISBN, key_word_id, book_key_word_id)
VALUES(2352019659, 174, 174);
INSERT INTO school_lib.book_key_words
(ISBN, key_word_id, book_key_word_id)
VALUES(2362905305, 175, 175);
INSERT INTO school_lib.book_key_words
(ISBN, key_word_id, book_key_word_id)
VALUES(2381383789, 176, 176);
INSERT INTO school_lib.book_key_words
(ISBN, key_word_id, book_key_word_id)
VALUES(2474227933, 177, 177);
INSERT INTO school_lib.book_key_words
(ISBN, key_word_id, book_key_word_id)
VALUES(2474784286, 178, 178);
INSERT INTO school_lib.book_key_words
(ISBN, key_word_id, book_key_word_id)
VALUES(2507344536, 179, 179);
INSERT INTO school_lib.book_key_words
(ISBN, key_word_id, book_key_word_id)
VALUES(2507677778, 180, 180);
INSERT INTO school_lib.book_key_words
(ISBN, key_word_id, book_key_word_id)
VALUES(2516010187, 181, 181);
INSERT INTO school_lib.book_key_words
(ISBN, key_word_id, book_key_word_id)
VALUES(2541824557, 182, 182);
INSERT INTO school_lib.book_key_words
(ISBN, key_word_id, book_key_word_id)
VALUES(2584479192, 183, 183);
INSERT INTO school_lib.book_key_words
(ISBN, key_word_id, book_key_word_id)
VALUES(2711594369, 184, 184);
INSERT INTO school_lib.book_key_words
(ISBN, key_word_id, book_key_word_id)
VALUES(2730834547, 185, 185);
INSERT INTO school_lib.book_key_words
(ISBN, key_word_id, book_key_word_id)
VALUES(2784526064, 186, 186);
INSERT INTO school_lib.book_key_words
(ISBN, key_word_id, book_key_word_id)
VALUES(2786846406, 187, 187);
INSERT INTO school_lib.book_key_words
(ISBN, key_word_id, book_key_word_id)
VALUES(2808868455, 188, 188);
INSERT INTO school_lib.book_key_words
(ISBN, key_word_id, book_key_word_id)
VALUES(2874081058, 189, 189);
INSERT INTO school_lib.book_key_words
(ISBN, key_word_id, book_key_word_id)
VALUES(2938674202, 190, 190);
INSERT INTO school_lib.book_key_words
(ISBN, key_word_id, book_key_word_id)
VALUES(2956978004, 191, 191);
INSERT INTO school_lib.book_key_words
(ISBN, key_word_id, book_key_word_id)
VALUES(2986646716, 192, 192);
INSERT INTO school_lib.book_key_words
(ISBN, key_word_id, book_key_word_id)
VALUES(2987223833, 193, 193);
INSERT INTO school_lib.book_key_words
(ISBN, key_word_id, book_key_word_id)
VALUES(3005780964, 194, 194);
INSERT INTO school_lib.book_key_words
(ISBN, key_word_id, book_key_word_id)
VALUES(3045396509, 195, 195);
INSERT INTO school_lib.book_key_words
(ISBN, key_word_id, book_key_word_id)
VALUES(3046490378, 196, 196);
INSERT INTO school_lib.book_key_words
(ISBN, key_word_id, book_key_word_id)
VALUES(3061345754, 197, 197);
INSERT INTO school_lib.book_key_words
(ISBN, key_word_id, book_key_word_id)
VALUES(3114297905, 198, 198);
INSERT INTO school_lib.book_key_words
(ISBN, key_word_id, book_key_word_id)
VALUES(3154062454, 199, 199);
INSERT INTO school_lib.book_key_words
(ISBN, key_word_id, book_key_word_id)
VALUES(3167692277, 200, 200);



-- 9)TABLE:school

INSERT INTO school_lib.school
(admin_name, operator_name, director_name, phone, email, city, zip_code, name, school_id)
VALUES('Ioannis Iliadis', 'Panagiotis Belsis', 'Liliane Heller IV', '124-393-6158x34656', 'flossie.carter@example.org', 'Port Winonaland', 40383, 'tempora', 1);
INSERT INTO school_lib.school
(admin_name, operator_name, director_name, phone, email, city, zip_code, name, school_id)
VALUES('Ioannis Iliadis', 'Asimakis Botis', 'Elna Lueilwitz', '+29(6)3552391551', 'balistreri.macey@example.org', 'Kuhlmanshire', 4087, 'optio', 2);
INSERT INTO school_lib.school
(admin_name, operator_name, director_name, phone, email, city, zip_code, name, school_id)
VALUES('Ioannis Iliadis', 'Andronikos Giannousiadis', 'Jordan Strosin', '1-597-655-1269', 'delia.bergnaum@example.org', 'Port Hudsonhaven', 66154, 'praesentium', 3);
INSERT INTO school_lib.school
(admin_name, operator_name, director_name, phone, email, city, zip_code, name, school_id)
VALUES('Ioannis Iliadis', 'Konstantinos Will', 'Lane Crist Sr.', '02918690259', 'unitzsche@example.net', 'Macejkovicmouth', 2703, 'minus', 4);



-- 10)TABLE:school_book

INSERT INTO school_lib.school_book
(school_id, ISBN, school_book_id)
VALUES(3, 1086847964, 1);
INSERT INTO school_lib.school_book
(school_id, ISBN, school_book_id)
VALUES(4, 1146634707, 2);
INSERT INTO school_lib.school_book
(school_id, ISBN, school_book_id)
VALUES(3, 1191406002, 3);
INSERT INTO school_lib.school_book
(school_id, ISBN, school_book_id)
VALUES(4, 1230423418, 4);
INSERT INTO school_lib.school_book
(school_id, ISBN, school_book_id)
VALUES(2, 1252364469, 5);
INSERT INTO school_lib.school_book
(school_id, ISBN, school_book_id)
VALUES(4, 1279530422, 6);
INSERT INTO school_lib.school_book
(school_id, ISBN, school_book_id)
VALUES(1, 1373620112, 7);
INSERT INTO school_lib.school_book
(school_id, ISBN, school_book_id)
VALUES(3, 1389010684, 8);
INSERT INTO school_lib.school_book
(school_id, ISBN, school_book_id)
VALUES(3, 1413600512, 9);
INSERT INTO school_lib.school_book
(school_id, ISBN, school_book_id)
VALUES(2, 1433321773, 10);
INSERT INTO school_lib.school_book
(school_id, ISBN, school_book_id)
VALUES(1, 1487567215, 11);
INSERT INTO school_lib.school_book
(school_id, ISBN, school_book_id)
VALUES(2, 1565072107, 12);
INSERT INTO school_lib.school_book
(school_id, ISBN, school_book_id)
VALUES(3, 1597754095, 13);
INSERT INTO school_lib.school_book
(school_id, ISBN, school_book_id)
VALUES(4, 1636263433, 14);
INSERT INTO school_lib.school_book
(school_id, ISBN, school_book_id)
VALUES(3, 1649301220, 15);
INSERT INTO school_lib.school_book
(school_id, ISBN, school_book_id)
VALUES(4, 1690705637, 16);
INSERT INTO school_lib.school_book
(school_id, ISBN, school_book_id)
VALUES(2, 1734732728, 17);
INSERT INTO school_lib.school_book
(school_id, ISBN, school_book_id)
VALUES(4, 1750578633, 18);
INSERT INTO school_lib.school_book
(school_id, ISBN, school_book_id)
VALUES(1, 1769821979, 19);
INSERT INTO school_lib.school_book
(school_id, ISBN, school_book_id)
VALUES(2, 1792088863, 20);
INSERT INTO school_lib.school_book
(school_id, ISBN, school_book_id)
VALUES(3, 1881029380, 21);
INSERT INTO school_lib.school_book
(school_id, ISBN, school_book_id)
VALUES(4, 1887691000, 22);
INSERT INTO school_lib.school_book
(school_id, ISBN, school_book_id)
VALUES(3, 1901021427, 23);
INSERT INTO school_lib.school_book
(school_id, ISBN, school_book_id)
VALUES(4, 1906007459, 24);
INSERT INTO school_lib.school_book
(school_id, ISBN, school_book_id)
VALUES(2, 1915803524, 25);
INSERT INTO school_lib.school_book
(school_id, ISBN, school_book_id)
VALUES(4, 1917004279, 26);
INSERT INTO school_lib.school_book
(school_id, ISBN, school_book_id)
VALUES(1, 1963962468, 27);
INSERT INTO school_lib.school_book
(school_id, ISBN, school_book_id)
VALUES(4, 2004872161, 28);
INSERT INTO school_lib.school_book
(school_id, ISBN, school_book_id)
VALUES(2, 2010782732, 29);
INSERT INTO school_lib.school_book
(school_id, ISBN, school_book_id)
VALUES(4, 2022488326, 30);
INSERT INTO school_lib.school_book
(school_id, ISBN, school_book_id)
VALUES(1, 2045083548, 31);
INSERT INTO school_lib.school_book
(school_id, ISBN, school_book_id)
VALUES(2, 2074653865, 32);
INSERT INTO school_lib.school_book
(school_id, ISBN, school_book_id)
VALUES(3, 2094614387, 33);
INSERT INTO school_lib.school_book
(school_id, ISBN, school_book_id)
VALUES(4, 2117869043, 34);
INSERT INTO school_lib.school_book
(school_id, ISBN, school_book_id)
VALUES(3, 2134658685, 35);
INSERT INTO school_lib.school_book
(school_id, ISBN, school_book_id)
VALUES(4, 2151394262, 36);
INSERT INTO school_lib.school_book
(school_id, ISBN, school_book_id)
VALUES(2, 2198073157, 37);
INSERT INTO school_lib.school_book
(school_id, ISBN, school_book_id)
VALUES(4, 2209232827, 38);
INSERT INTO school_lib.school_book
(school_id, ISBN, school_book_id)
VALUES(1, 2290059243, 39);
INSERT INTO school_lib.school_book
(school_id, ISBN, school_book_id)
VALUES(2, 2339601579, 40);
INSERT INTO school_lib.school_book
(school_id, ISBN, school_book_id)
VALUES(3, 2352019659, 41);
INSERT INTO school_lib.school_book
(school_id, ISBN, school_book_id)
VALUES(4, 2362905305, 42);
INSERT INTO school_lib.school_book
(school_id, ISBN, school_book_id)
VALUES(3, 2381383789, 43);
INSERT INTO school_lib.school_book
(school_id, ISBN, school_book_id)
VALUES(4, 2474227933, 44);
INSERT INTO school_lib.school_book
(school_id, ISBN, school_book_id)
VALUES(2, 2474784286, 45);
INSERT INTO school_lib.school_book
(school_id, ISBN, school_book_id)
VALUES(4, 2507344536, 46);
INSERT INTO school_lib.school_book
(school_id, ISBN, school_book_id)
VALUES(1, 2507677778, 47);
INSERT INTO school_lib.school_book
(school_id, ISBN, school_book_id)
VALUES(2, 2516010187, 48);
INSERT INTO school_lib.school_book
(school_id, ISBN, school_book_id)
VALUES(3, 2541824557, 49);
INSERT INTO school_lib.school_book
(school_id, ISBN, school_book_id)
VALUES(4, 2584479192, 50);
INSERT INTO school_lib.school_book
(school_id, ISBN, school_book_id)
VALUES(3, 2711594369, 51);
INSERT INTO school_lib.school_book
(school_id, ISBN, school_book_id)
VALUES(4, 2730834547, 52);
INSERT INTO school_lib.school_book
(school_id, ISBN, school_book_id)
VALUES(2, 2784526064, 53);
INSERT INTO school_lib.school_book
(school_id, ISBN, school_book_id)
VALUES(4, 2786846406, 54);
INSERT INTO school_lib.school_book
(school_id, ISBN, school_book_id)
VALUES(1, 2808868455, 55);
INSERT INTO school_lib.school_book
(school_id, ISBN, school_book_id)
VALUES(2, 2874081058, 56);
INSERT INTO school_lib.school_book
(school_id, ISBN, school_book_id)
VALUES(3, 2938674202, 57);
INSERT INTO school_lib.school_book
(school_id, ISBN, school_book_id)
VALUES(4, 2956978004, 58);
INSERT INTO school_lib.school_book
(school_id, ISBN, school_book_id)
VALUES(3, 2986646716, 59);
INSERT INTO school_lib.school_book
(school_id, ISBN, school_book_id)
VALUES(1, 2987223833, 60);
INSERT INTO school_lib.school_book
(school_id, ISBN, school_book_id)
VALUES(2, 3005780964, 61);
INSERT INTO school_lib.school_book
(school_id, ISBN, school_book_id)
VALUES(3, 3045396509, 62);
INSERT INTO school_lib.school_book
(school_id, ISBN, school_book_id)
VALUES(1, 3046490378, 63);
INSERT INTO school_lib.school_book
(school_id, ISBN, school_book_id)
VALUES(2, 3061345754, 64);
INSERT INTO school_lib.school_book
(school_id, ISBN, school_book_id)
VALUES(3, 3114297905, 65);
INSERT INTO school_lib.school_book
(school_id, ISBN, school_book_id)
VALUES(1, 3154062454, 66);
INSERT INTO school_lib.school_book
(school_id, ISBN, school_book_id)
VALUES(2, 3167692277, 67);
INSERT INTO school_lib.school_book
(school_id, ISBN, school_book_id)
VALUES(3, 3210839127, 68);
INSERT INTO school_lib.school_book
(school_id, ISBN, school_book_id)
VALUES(1, 3318889281, 69);
INSERT INTO school_lib.school_book
(school_id, ISBN, school_book_id)
VALUES(2, 3382621102, 70);
INSERT INTO school_lib.school_book
(school_id, ISBN, school_book_id)
VALUES(3, 3401655907, 71);
INSERT INTO school_lib.school_book
(school_id, ISBN, school_book_id)
VALUES(1, 3404826024, 72);
INSERT INTO school_lib.school_book
(school_id, ISBN, school_book_id)
VALUES(2, 3424917105, 73);
INSERT INTO school_lib.school_book
(school_id, ISBN, school_book_id)
VALUES(3, 3509802907, 74);
INSERT INTO school_lib.school_book
(school_id, ISBN, school_book_id)
VALUES(1, 3564339946, 75);
INSERT INTO school_lib.school_book
(school_id, ISBN, school_book_id)
VALUES(2, 3567504627, 76);
INSERT INTO school_lib.school_book
(school_id, ISBN, school_book_id)
VALUES(3, 3595302830, 77);
INSERT INTO school_lib.school_book
(school_id, ISBN, school_book_id)
VALUES(1, 3623405466, 78);
INSERT INTO school_lib.school_book
(school_id, ISBN, school_book_id)
VALUES(2, 3630241589, 79);
INSERT INTO school_lib.school_book
(school_id, ISBN, school_book_id)
VALUES(3, 3703629765, 80);
INSERT INTO school_lib.school_book
(school_id, ISBN, school_book_id)
VALUES(1, 3709974127, 81);
INSERT INTO school_lib.school_book
(school_id, ISBN, school_book_id)
VALUES(2, 3749700837, 82);
INSERT INTO school_lib.school_book
(school_id, ISBN, school_book_id)
VALUES(3, 3772760191, 83);
INSERT INTO school_lib.school_book
(school_id, ISBN, school_book_id)
VALUES(1, 3826918663, 84);
INSERT INTO school_lib.school_book
(school_id, ISBN, school_book_id)
VALUES(2, 3918896331, 85);
INSERT INTO school_lib.school_book
(school_id, ISBN, school_book_id)
VALUES(3, 3972174623, 86);
INSERT INTO school_lib.school_book
(school_id, ISBN, school_book_id)
VALUES(1, 3972483310, 87);
INSERT INTO school_lib.school_book
(school_id, ISBN, school_book_id)
VALUES(2, 3980133275, 88);
INSERT INTO school_lib.school_book
(school_id, ISBN, school_book_id)
VALUES(3, 4075108600, 89);
INSERT INTO school_lib.school_book
(school_id, ISBN, school_book_id)
VALUES(1, 4076353662, 90);
INSERT INTO school_lib.school_book
(school_id, ISBN, school_book_id)
VALUES(2, 4099084694, 91);
INSERT INTO school_lib.school_book
(school_id, ISBN, school_book_id)
VALUES(3, 4114515367, 92);
INSERT INTO school_lib.school_book
(school_id, ISBN, school_book_id)
VALUES(1, 4118466201, 93);
INSERT INTO school_lib.school_book
(school_id, ISBN, school_book_id)
VALUES(2, 4140524445, 94);
INSERT INTO school_lib.school_book
(school_id, ISBN, school_book_id)
VALUES(3, 4172576783, 95);
INSERT INTO school_lib.school_book
(school_id, ISBN, school_book_id)
VALUES(1, 4225334484, 96);
INSERT INTO school_lib.school_book
(school_id, ISBN, school_book_id)
VALUES(2, 4234053780, 97);
INSERT INTO school_lib.school_book
(school_id, ISBN, school_book_id)
VALUES(3, 4255233380, 98);
INSERT INTO school_lib.school_book
(school_id, ISBN, school_book_id)
VALUES(1, 4283105764, 99);
INSERT INTO school_lib.school_book
(school_id, ISBN, school_book_id)
VALUES(2, 4294967295, 100);
INSERT INTO school_lib.school_book
(school_id, ISBN, school_book_id)
VALUES(3, 1086847964, 101);
INSERT INTO school_lib.school_book
(school_id, ISBN, school_book_id)
VALUES(1, 1146634707, 102);
INSERT INTO school_lib.school_book
(school_id, ISBN, school_book_id)
VALUES(2, 1191406002, 103);
INSERT INTO school_lib.school_book
(school_id, ISBN, school_book_id)
VALUES(3, 1230423418, 104);
INSERT INTO school_lib.school_book
(school_id, ISBN, school_book_id)
VALUES(1, 1252364469, 105);
INSERT INTO school_lib.school_book
(school_id, ISBN, school_book_id)
VALUES(2, 1279530422, 106);
INSERT INTO school_lib.school_book
(school_id, ISBN, school_book_id)
VALUES(3, 2134658685, 107);
INSERT INTO school_lib.school_book
(school_id, ISBN, school_book_id)
VALUES(1, 2151394262, 108);
INSERT INTO school_lib.school_book
(school_id, ISBN, school_book_id)
VALUES(2, 2198073157, 109);
INSERT INTO school_lib.school_book
(school_id, ISBN, school_book_id)
VALUES(3, 2209232827, 110);
INSERT INTO school_lib.school_book
(school_id, ISBN, school_book_id)
VALUES(3, 1071953916, 111);
INSERT INTO school_lib.school_book
(school_id, ISBN, school_book_id)
VALUES(1, 1086847964, 112);
INSERT INTO school_lib.school_book
(school_id, ISBN, school_book_id)
VALUES(3, 1146634707, 113);
INSERT INTO school_lib.school_book
(school_id, ISBN, school_book_id)
VALUES(2, 1191406002, 114);
INSERT INTO school_lib.school_book
(school_id, ISBN, school_book_id)
VALUES(1, 1230423418, 115);
INSERT INTO school_lib.school_book
(school_id, ISBN, school_book_id)
VALUES(3, 1252364469, 116);
INSERT INTO school_lib.school_book
(school_id, ISBN, school_book_id)
VALUES(2, 1279530422, 117);
INSERT INTO school_lib.school_book
(school_id, ISBN, school_book_id)
VALUES(2, 1373620112, 118);
INSERT INTO school_lib.school_book
(school_id, ISBN, school_book_id)
VALUES(2, 1389010684, 119);
INSERT INTO school_lib.school_book
(school_id, ISBN, school_book_id)
VALUES(1, 1413600512, 120);
INSERT INTO school_lib.school_book
(school_id, ISBN, school_book_id)
VALUES(3, 1433321773, 121);
INSERT INTO school_lib.school_book
(school_id, ISBN, school_book_id)
VALUES(2, 1487567215, 122);
INSERT INTO school_lib.school_book
(school_id, ISBN, school_book_id)
VALUES(1, 1565072107, 123);
INSERT INTO school_lib.school_book
(school_id, ISBN, school_book_id)
VALUES(4, 1597754095, 124);






-- 12)TABLE:user

INSERT INTO school_lib.`user`
(email, user_type, last_name, first_name, username, password, user_id, school_id, age, user_status)
VALUES('pschinner@example.com', 0, 'Kunze', 'Aniyah', 'vthiel', '252d995473db2c27cb47b076f8bba7f79d68e453', 1, 2, 17, 1);
INSERT INTO school_lib.`user`
(email, user_type, last_name, first_name, username, password, user_id, school_id, age, user_status)
VALUES('estella36@example.com', 1, 'Bartoletti', 'Felix', 'jakayla.treutel', 'eec481ea923029dc07aae8bab913f6a4c0b0438f', 2, 2, 32, 1);
INSERT INTO school_lib.`user`
(email, user_type, last_name, first_name, username, password, user_id, school_id, age, user_status)
VALUES('jailyn.schowalter@example.com', 0, 'Mante', 'Nora', 'jakubowski.irving', '15244b3f4cc717d9f17d8ae6beb101a9f6696c62', 3, 2, 12, 1);
INSERT INTO school_lib.`user`
(email, user_type, last_name, first_name, username, password, user_id, school_id, age, user_status)
VALUES('stanton.kamille@example.net', 0, 'Marvin', 'Joannie', 'marlene86', 'f3d0a33f594ddf1a603a79b1ac010e9bbb189c68', 4, 4, 16, 1);
INSERT INTO school_lib.`user`
(email, user_type, last_name, first_name, username, password, user_id, school_id, age, user_status)
VALUES('gcorkery@example.org', 0, 'Pfannerstill', 'Oleta', 'wmueller', 'bd4f0159fc003d86f10eafd194e834cb0cc084aa', 5, 2, 14, 1);
INSERT INTO school_lib.`user`
(email, user_type, last_name, first_name, username, password, user_id, school_id, age, user_status)
VALUES('auer.neha@example.com', 1, 'Hickle', 'Ettie', 'rodriguez.gillian', '0ad75747847366f6ec3a39d2724a7414c62b73c4', 6, 1, 49, 1);
INSERT INTO school_lib.`user`
(email, user_type, last_name, first_name, username, password, user_id, school_id, age, user_status)
VALUES('herminia51@example.org', 0, 'Kozey', 'Nolan', 'panosbel', '2898858967c4ec044e26f403a329f3bed2de8816', 7, 3, 14, 1);
INSERT INTO school_lib.`user`
(email, user_type, last_name, first_name, username, password, user_id, school_id, age, user_status)
VALUES('giovanni.christiansen@example.com', 1, 'Friesen', 'Cordell', 'ospinka', '6b587d1ef1e30d9978b15b0d391904e36796e390', 8, 4, 58, 1);
INSERT INTO school_lib.`user`
(email, user_type, last_name, first_name, username, password, user_id, school_id, age, user_status)
VALUES('po''kon@example.net', 1, 'West', 'Edmond', 'hnikolaus', 'b0cff38d5b4343091305754c74e533d8d09efdb9', 9, 3, 40, 1);
INSERT INTO school_lib.`user`
(email, user_type, last_name, first_name, username, password, user_id, school_id, age, user_status)
VALUES('nathanial.tromp@example.org', 1, 'Wolff', 'Lorine', 'cgraham2', 'e767a0bb20ba8d4871322999a67fb4f43e17de3e', 10, 3, 31, 1);
INSERT INTO school_lib.`user`
(email, user_type, last_name, first_name, username, password, user_id, school_id, age, user_status)
VALUES('mustafa.schiller@example.com', 0, 'Russel', 'Vicente', 'cgraham', '67883ffd2775b12bedf07b72ef6ddcf1036e6872', 11, 2, 15, 1);
INSERT INTO school_lib.`user`
(email, user_type, last_name, first_name, username, password, user_id, school_id, age, user_status)
VALUES('jazmyne65@example.com', 1, 'O''Reilly', 'Moses', 'ambrose.wyman', 'a6abb75aef3f85e7b9f9eec4a33923968bd63cdd', 12, 3, 33, 1);
INSERT INTO school_lib.`user`
(email, user_type, last_name, first_name, username, password, user_id, school_id, age, user_status)
VALUES('cindy07@example.com', 1, 'Gutkowski', 'Andy', 'blake20', '9888381fbb56740e9db02b955e93120a276b4e23', 13, 1, 35, 1);
INSERT INTO school_lib.`user`
(email, user_type, last_name, first_name, username, password, user_id, school_id, age, user_status)
VALUES('browe@example.com', 0, 'Legros', 'Reta', 'jermey.crooks', '0502bf2d288e80aacc70ae1a4b1f026d13319421', 14, 2, 16, 1);
INSERT INTO school_lib.`user`
(email, user_type, last_name, first_name, username, password, user_id, school_id, age, user_status)
VALUES('dennis.schaden@example.com', 1, 'Donnelly', 'Sid', 'vince63', 'd59ddc3bdaf39470e1fc9256e0c0007fcd5e0e35', 15, 4, 55, 1);
INSERT INTO school_lib.`user`
(email, user_type, last_name, first_name, username, password, user_id, school_id, age, user_status)
VALUES('muller.pink@example.com', 1, 'Turner', 'Hubert', 'dino56', 'f55afea007c6b0a89d967d2f2082fc87974e6078', 16, 3, 56, 1);
INSERT INTO school_lib.`user`
(email, user_type, last_name, first_name, username, password, user_id, school_id, age, user_status)
VALUES('timmy51@example.org', 1, 'Blick', 'Amara', 'margarett03', '42b53d2bc89227e10a6e584abcaa2db01272fdd2', 17, 1, 57, 1);
INSERT INTO school_lib.`user`
(email, user_type, last_name, first_name, username, password, user_id, school_id, age, user_status)
VALUES('jaylon.rolfson@example.com', 0, 'Padberg', 'Toney', 'ckreiger', '60f20cca8344d8d4eddd0a12f639ddd533bc1901', 18, 3, 12, 1);
INSERT INTO school_lib.`user`
(email, user_type, last_name, first_name, username, password, user_id, school_id, age, user_status)
VALUES('thiel.alysha@example.org', 1, 'Connelly', 'Bradley', 'qvandervort', '03cbcf37002fb9f0cd24160b91ba7c6731e2d8a2', 19, 3, 30, 1);
INSERT INTO school_lib.`user`
(email, user_type, last_name, first_name, username, password, user_id, school_id, age, user_status)
VALUES('kub.kelli@example.com', 0, 'Hoppe', 'Patricia', 'uabernathy', '7ccc55eb0946bf2a973560e3c32e854e0616027e', 20, 2, 17, 1);
INSERT INTO school_lib.`user`
(email, user_type, last_name, first_name, username, password, user_id, school_id, age, user_status)
VALUES('jlubowitz@example.com', 0, 'Miller', 'Wilson', 'odach', 'f985d09d257171a06027394eb85f4e18a4dd13ca', 21, 2, 18, 1);
INSERT INTO school_lib.`user`
(email, user_type, last_name, first_name, username, password, user_id, school_id, age, user_status)
VALUES('ethompson@example.com', 1, 'Flatley', 'Ephraim', 'carmen.adams', 'c88772d2e933be6d28e9a3fbf02608153d4aa953', 22, 3, 28, 1);
INSERT INTO school_lib.`user`
(email, user_type, last_name, first_name, username, password, user_id, school_id, age, user_status)
VALUES('druecker@example.net', 1, 'Wiza', 'Aileen', 'terry.katarina', '12beb1b839c9d7946dd1cf0ed4f15e93b5fce36b', 23, 2, 42, 1);
INSERT INTO school_lib.`user`
(email, user_type, last_name, first_name, username, password, user_id, school_id, age, user_status)
VALUES('schuster.darien@example.net', 1, 'Crona', 'Nona', 'ivory83', '8fd04727f04d7136861437c6bbe3e00e920df98a', 24, 4, 45, 1);
INSERT INTO school_lib.`user`
(email, user_type, last_name, first_name, username, password, user_id, school_id, age, user_status)
VALUES('albina34@example.org', 0, 'Schuster', 'Jamie', 'camren77', 'db81bd1e90f8e14c2c87cebc3d658c091c3de9fb', 25, 1, 19, 1);
INSERT INTO school_lib.`user`
(email, user_type, last_name, first_name, username, password, user_id, school_id, age, user_status)
VALUES('smitham.wiley@example.org', 1, 'Reinger', 'Joyce', 'nitzsche.michele', '1dc0b69972e18dc9bc195cf83a5f9738d85b2144', 26, 1, 32, 1);
INSERT INTO school_lib.`user`
(email, user_type, last_name, first_name, username, password, user_id, school_id, age, user_status)
VALUES('alfonzo95@example.net', 0, 'Rowe', 'Enoch', 'rubye73', '5e04da1b7e66d34d766edc7927c86ea55ecc3765', 27, 4, 17, 1);
INSERT INTO school_lib.`user`
(email, user_type, last_name, first_name, username, password, user_id, school_id, age, user_status)
VALUES('ziemann.tressa@example.com', 1, 'Mann', 'Michael', 'kody64', '74c50aeb78024625649602b21670c91216f32952', 28, 4, 30, 1);
INSERT INTO school_lib.`user`
(email, user_type, last_name, first_name, username, password, user_id, school_id, age, user_status)
VALUES('dillon29@example.com', 1, 'DuBuque', 'Lloyd', 'enikolaus', '2c1175d1cc7da9e97ab779c8944ba2c14735bbda', 29, 3, 37, 1);
INSERT INTO school_lib.`user`
(email, user_type, last_name, first_name, username, password, user_id, school_id, age, user_status)
VALUES('andres64@example.net', 0, 'Kreiger', 'Bennett', 'fdoyle', 'bf58d2d30c5b1f5dda776ac46b9201a43304a402', 30, 2, 14, 1);
INSERT INTO school_lib.`user`
(email, user_type, last_name, first_name, username, password, user_id, school_id, age, user_status)
VALUES('toy.reilly@example.net', 1, 'Bins', 'Caesar', 'robbie21', '54d443f57058485355f3d00574d427baa31715c1', 31, 2, 39, 1);
INSERT INTO school_lib.`user`
(email, user_type, last_name, first_name, username, password, user_id, school_id, age, user_status)
VALUES('rempel.ruben@example.com', 1, 'Ratke', 'Demarco', 'van10', 'a9b18def118ade396a12bf0b087b737e9137551b', 32, 1, 41, 1);
INSERT INTO school_lib.`user`
(email, user_type, last_name, first_name, username, password, user_id, school_id, age, user_status)
VALUES('nico.corkery@example.org', 0, 'Bosco', 'Emmalee', 'milan53', '46b19b8cf007c26a0fd659da8dccaf319e52070d', 33, 2, 18, 1);
INSERT INTO school_lib.`user`
(email, user_type, last_name, first_name, username, password, user_id, school_id, age, user_status)
VALUES('oda07@example.org', 1, 'Wisoky', 'Annamae', 'victor88', 'ea48728869e9d25a540ef60a435762a49f6e2628', 34, 3, 46, 1);
INSERT INTO school_lib.`user`
(email, user_type, last_name, first_name, username, password, user_id, school_id, age, user_status)
VALUES('chesley.bosco@example.org', 1, 'Keebler', 'Dean', 'karina.roob', 'fdac406416deae5d9619e935c30dc5f6b986c05f', 35, 1, 47, 1);
INSERT INTO school_lib.`user`
(email, user_type, last_name, first_name, username, password, user_id, school_id, age, user_status)
VALUES('qschmeler@example.net', 0, 'Waelchi', 'Bethany', 'carlos.reilly', '8a5ac3abdeb054183bb7b13c4a861d6fbd89eda9', 36, 3, 15, 1);
INSERT INTO school_lib.`user`
(email, user_type, last_name, first_name, username, password, user_id, school_id, age, user_status)
VALUES('prenner@example.net', 1, 'DuBuque', 'Julia', 'gusikowski.wilburn', 'be4b132917954d36402523de2897923cd29a11af', 37, 1, 60, 1);
INSERT INTO school_lib.`user`
(email, user_type, last_name, first_name, username, password, user_id, school_id, age, user_status)
VALUES('gkoepp@example.net', 1, 'Morissette', 'Isom', 'beahan.benedict', '871e366bb076c151b2ae707d6e78d4788083420d', 38, 3, 62, 1);
INSERT INTO school_lib.`user`
(email, user_type, last_name, first_name, username, password, user_id, school_id, age, user_status)
VALUES('kole34@example.com', 0, 'DuBuque', 'Amy', 'summer00', '9fe27176d87281b73dc450980ead5f7a8425eff6', 39, 4, 17, 1);
INSERT INTO school_lib.`user`
(email, user_type, last_name, first_name, username, password, user_id, school_id, age, user_status)
VALUES('lillie.weber@example.com', 1, 'Cremin', 'Reid', 'tatum49', '2a5d8e4bf8cb40215d4d0af39cd494582edc7338', 40, 4, 53, 1);
INSERT INTO school_lib.`user`
(email, user_type, last_name, first_name, username, password, user_id, school_id, age, user_status)
VALUES('lubowitz.geo@example.com', 1, 'Hammes', 'Kelley', 'queenie.herzog', '6c9fa817c4314fa0ae6fcc80989b55201ff6d3d4', 41, 1, 54, 1);
INSERT INTO school_lib.`user`
(email, user_type, last_name, first_name, username, password, user_id, school_id, age, user_status)
VALUES('rosendo.hilll@example.com', 0, 'Jenkins', 'Leanne', 'nellie.dietrich', '52e3904b956a4dcc01d8a2ebc502582c62d86cf8', 42, 1, 12, 1);
INSERT INTO school_lib.`user`
(email, user_type, last_name, first_name, username, password, user_id, school_id, age, user_status)
VALUES('loy61@example.com', 0, 'Homenick', 'Esteban', 'oberbrunner.serenity', '2f1fc1a75f715aff03292ae8ccba435df0769eb8', 43, 1, 16, 1);
INSERT INTO school_lib.`user`
(email, user_type, last_name, first_name, username, password, user_id, school_id, age, user_status)
VALUES('noble.armstrong@example.net', 1, 'Boehm', 'Eve', 'herzog.lexi', '51000a5d8993c6326fcae096c74d609cba984811', 44, 4, 29, 1);
INSERT INTO school_lib.`user`
(email, user_type, last_name, first_name, username, password, user_id, school_id, age, user_status)
VALUES('ureichel@example.com', 0, 'Champlin', 'Laurine', 'dibbert.kamren', '3fed582abd969737c34eeda2abfe2a3be6c5428b', 45, 1, 14, 1);
INSERT INTO school_lib.`user`
(email, user_type, last_name, first_name, username, password, user_id, school_id, age, user_status)
VALUES('cleveland30@example.org', 1, 'Nolan', 'Maymie', 'marguerite.greenfelder', 'f7c887f315baed6d3b8c28c017d02798b22eec42', 46, 1, 32, 1);
INSERT INTO school_lib.`user`
(email, user_type, last_name, first_name, username, password, user_id, school_id, age, user_status)
VALUES('dana95@example.net', 0, 'Greenfelder', 'Felipa', 'ewell74', '95211a08dac1c041ada6317367d17223d4416a12', 47, 2, 15, 0);
INSERT INTO school_lib.`user`
(email, user_type, last_name, first_name, username, password, user_id, school_id, age, user_status)
VALUES('senger.lelia@example.net', 0, 'Shields', 'Jacinthe', 'mad', '69', 48, 3, 17, 1);
INSERT INTO school_lib.`user`
(email, user_type, last_name, first_name, username, password, user_id, school_id, age, user_status)
VALUES('harvey.rhianna@example.org', 1, 'Huel', 'Dorothy', 'o''keefe.fabian', '2828b22ed69b1738cb5ec41831cf51ff89a64caa', 49, 2, 34, 1);
INSERT INTO school_lib.`user`
(email, user_type, last_name, first_name, username, password, user_id, school_id, age, user_status)
VALUES('bcremin@example.org', 1, 'Corwin', 'Chaim', 'rdooley', 'fa725db7f3cc40147426913db365659683035eb4', 50, 3, 54, 1);
INSERT INTO school_lib.`user`
(email, user_type, last_name, first_name, username, password, user_id, school_id, age, user_status)
VALUES('frida.greenfelder@example.net', 1, 'Hettinger', 'Merle', 'qrath', '5e24287f81e835e932659d4be6f23895964de8c4', 51, 4, 61, 1);
INSERT INTO school_lib.`user`
(email, user_type, last_name, first_name, username, password, user_id, school_id, age, user_status)
VALUES('ila.runolfsson@example.com', 2, 'Belsis', 'Panagiotis', 'belsinho', '12345', 52, 1, 21, 1);
INSERT INTO school_lib.`user`
(email, user_type, last_name, first_name, username, password, user_id, school_id, age, user_status)
VALUES('ahmad.johns@example.net', 1, 'Botis', 'Asimakis', 'asimakis7', '54321', 53, 2, 45, 1);
INSERT INTO school_lib.`user`
(email, user_type, last_name, first_name, username, password, user_id, school_id, age, user_status)
VALUES('uvonrueden@example.org', 2, 'Giannousiadis', 'Andronikos', 'angiann', '123', 54, 3, 38, 1);
INSERT INTO school_lib.`user`
(email, user_type, last_name, first_name, username, password, user_id, school_id, age, user_status)
VALUES('ncorwin@example.org', 3, 'Iliadis', 'Ioannis', 'Lil Mint', 'trof321', 55, 4, 37, 1);
INSERT INTO school_lib.`user`
(email, user_type, last_name, first_name, username, password, user_id, school_id, age, user_status)
VALUES('chrysa@gmail.com', 1, 'pepo', 'chrysa', 'chrysap', '123', 56, 1, 50, 1);

-- 11)TABLE:transaction

INSERT INTO school_lib.`transaction`
(date_of_max_return, date_of_borrowing, transaction_id, transaction_status, date_of_reservation, transaction_type, date_of_return, ISBN, user_id)
VALUES('2023-05-24 22:31:28', '2023-05-17 22:31:28', 1, 1, '2018-10-06 05:58:58', 1, '1988-06-10 12:25:34', 3749700837, 28);
INSERT INTO school_lib.`transaction`
(date_of_max_return, date_of_borrowing, transaction_id, transaction_status, date_of_reservation, transaction_type, date_of_return, ISBN, user_id)
VALUES('2023-04-23 10:04:33', '2023-04-16 10:04:33', 2, 1, '2022-07-21 01:17:18', 1, '1988-06-10 12:25:34', 1792088863, 21);
INSERT INTO school_lib.`transaction`
(date_of_max_return, date_of_borrowing, transaction_id, transaction_status, date_of_reservation, transaction_type, date_of_return, ISBN, user_id)
VALUES('2022-02-03 00:00:00', '2022-01-27 00:00:00', 3, 1, '2009-05-01 05:59:11', 1, '2003-05-25 20:38:15', 2290059243, 40);
INSERT INTO school_lib.`transaction`
(date_of_max_return, date_of_borrowing, transaction_id, transaction_status, date_of_reservation, transaction_type, date_of_return, ISBN, user_id)
VALUES('1990-05-15 03:36:11', '2022-08-30 07:18:21', 4, 0, '2008-06-30 08:10:03', 1, '1979-05-22 19:12:49', 2956978004, 4);
INSERT INTO school_lib.`transaction`
(date_of_max_return, date_of_borrowing, transaction_id, transaction_status, date_of_reservation, transaction_type, date_of_return, ISBN, user_id)
VALUES('1998-05-28 16:24:36', '2023-03-13 04:47:26', 5, 0, '2003-06-24 22:42:57', 1, '2021-12-15 07:51:43', 4225334484, 42);
INSERT INTO school_lib.`transaction`
(date_of_max_return, date_of_borrowing, transaction_id, transaction_status, date_of_reservation, transaction_type, date_of_return, ISBN, user_id)
VALUES('1998-08-29 02:12:22', '2023-05-03 09:40:47', 6, 0, '2023-03-21 02:38:45', 1, '1973-07-18 07:11:12', 2507677778, 48);
INSERT INTO school_lib.`transaction`
(date_of_max_return, date_of_borrowing, transaction_id, transaction_status, date_of_reservation, transaction_type, date_of_return, ISBN, user_id)
VALUES('2001-12-22 21:17:50', '2023-05-25 03:28:53', 7, 0, '2023-02-27 14:03:47', 1, '2019-05-01 10:10:05', 2516010187, 6);
INSERT INTO school_lib.`transaction`
(date_of_max_return, date_of_borrowing, transaction_id, transaction_status, date_of_reservation, transaction_type, date_of_return, ISBN, user_id)
VALUES('1983-09-21 06:58:31', '2023-01-08 17:02:31', 8, 0, '2022-09-07 16:35:04', 1, '2018-12-26 17:19:14', 1279530422, 6);
INSERT INTO school_lib.`transaction`
(date_of_max_return, date_of_borrowing, transaction_id, transaction_status, date_of_reservation, transaction_type, date_of_return, ISBN, user_id)
VALUES('1987-03-25 10:27:21', '2022-05-30 14:35:34', 9, 0, '2023-03-16 11:45:11', 0, '2000-03-11 14:00:45', 1690705637, 17);
INSERT INTO school_lib.`transaction`
(date_of_max_return, date_of_borrowing, transaction_id, transaction_status, date_of_reservation, transaction_type, date_of_return, ISBN, user_id)
VALUES('1973-06-18 13:06:20', '2022-10-01 02:06:13', 10, 0, '2023-02-16 22:50:49', 1, '2021-02-09 11:32:03', 1487567215, 12);
INSERT INTO school_lib.`transaction`
(date_of_max_return, date_of_borrowing, transaction_id, transaction_status, date_of_reservation, transaction_type, date_of_return, ISBN, user_id)
VALUES('1978-08-23 23:35:41', '2022-08-16 00:11:07', 11, 0, '2022-11-26 20:54:51', 1, '2007-08-01 21:20:06', 1963962468, 6);
INSERT INTO school_lib.`transaction`
(date_of_max_return, date_of_borrowing, transaction_id, transaction_status, date_of_reservation, transaction_type, date_of_return, ISBN, user_id)
VALUES('2012-03-05 09:03:42', '2022-08-09 16:03:28', 12, 0, '2007-01-26 01:31:12', 0, '2007-12-15 04:54:47', 3061345754, 10);
INSERT INTO school_lib.`transaction`
(date_of_max_return, date_of_borrowing, transaction_id, transaction_status, date_of_reservation, transaction_type, date_of_return, ISBN, user_id)
VALUES('1971-10-31 22:30:52', '2022-11-16 04:10:58', 13, 0, '1973-11-21 20:19:24', 1, '1992-07-15 05:06:21', 1750578633, 6);
INSERT INTO school_lib.`transaction`
(date_of_max_return, date_of_borrowing, transaction_id, transaction_status, date_of_reservation, transaction_type, date_of_return, ISBN, user_id)
VALUES('1994-02-14 13:07:43', '2022-09-28 14:10:28', 14, 0, '2003-01-06 14:58:10', 1, '2013-12-05 16:47:13', 1750578633, 19);
INSERT INTO school_lib.`transaction`
(date_of_max_return, date_of_borrowing, transaction_id, transaction_status, date_of_reservation, transaction_type, date_of_return, ISBN, user_id)
VALUES('1997-07-27 21:21:04', '2022-10-13 22:23:33', 15, 0, '1973-02-16 01:39:16', 1, '1972-04-12 14:21:50', 1887691000, 23);
INSERT INTO school_lib.`transaction`
(date_of_max_return, date_of_borrowing, transaction_id, transaction_status, date_of_reservation, transaction_type, date_of_return, ISBN, user_id)
VALUES('2004-03-15 13:07:09', '2023-04-24 23:25:18', 16, 0, '2010-11-09 18:18:04', 1, '2008-04-23 21:42:05', 2117869043, 6);
INSERT INTO school_lib.`transaction`
(date_of_max_return, date_of_borrowing, transaction_id, transaction_status, date_of_reservation, transaction_type, date_of_return, ISBN, user_id)
VALUES('2005-07-28 12:33:43', '2023-03-26 10:24:03', 17, 0, '2005-03-23 02:37:36', 1, '2006-04-30 03:40:32', 2010782732, 7);
INSERT INTO school_lib.`transaction`
(date_of_max_return, date_of_borrowing, transaction_id, transaction_status, date_of_reservation, transaction_type, date_of_return, ISBN, user_id)
VALUES('1997-06-26 00:49:45', '2022-10-27 05:14:27', 18, 0, '1971-07-14 15:17:13', 0, '2012-03-25 07:01:22', 1389010684, 9);
INSERT INTO school_lib.`transaction`
(date_of_max_return, date_of_borrowing, transaction_id, transaction_status, date_of_reservation, transaction_type, date_of_return, ISBN, user_id)
VALUES('2017-04-28 22:57:42', '2023-03-31 08:18:43', 19, 0, '1998-06-27 16:53:13', 1, '2003-10-24 16:01:07', 2730834547, 7);
INSERT INTO school_lib.`transaction`
(date_of_max_return, date_of_borrowing, transaction_id, transaction_status, date_of_reservation, transaction_type, date_of_return, ISBN, user_id)
VALUES('1985-08-20 08:02:25', '2023-02-21 11:48:16', 20, 0, '2002-06-06 00:32:50', 0, '1995-12-19 11:55:16', 2074653865, 33);
INSERT INTO school_lib.`transaction`
(date_of_max_return, date_of_borrowing, transaction_id, transaction_status, date_of_reservation, transaction_type, date_of_return, ISBN, user_id)
VALUES('1985-04-24 14:10:57', '2022-12-09 10:28:28', 21, 0, '2005-10-15 16:10:22', 0, '2000-11-18 13:32:10', 1373620112, 44);
INSERT INTO school_lib.`transaction`
(date_of_max_return, date_of_borrowing, transaction_id, transaction_status, date_of_reservation, transaction_type, date_of_return, ISBN, user_id)
VALUES('1980-04-06 21:54:43', '2022-09-15 15:16:12', 22, 0, '2003-12-21 05:19:14', 1, '2004-05-21 06:41:16', 2474784286, 7);
INSERT INTO school_lib.`transaction`
(date_of_max_return, date_of_borrowing, transaction_id, transaction_status, date_of_reservation, transaction_type, date_of_return, ISBN, user_id)
VALUES('2017-10-25 19:09:57', '2022-11-21 03:29:21', 23, 0, '2021-01-31 17:15:35', 1, '1987-09-10 01:40:36', 2474227933, 7);
INSERT INTO school_lib.`transaction`
(date_of_max_return, date_of_borrowing, transaction_id, transaction_status, date_of_reservation, transaction_type, date_of_return, ISBN, user_id)
VALUES('2005-09-07 18:26:14', '2023-02-20 09:36:24', 24, 0, '1979-08-26 08:56:35', 0, '1979-11-18 15:16:05', 1901021427, 24);
INSERT INTO school_lib.`transaction`
(date_of_max_return, date_of_borrowing, transaction_id, transaction_status, date_of_reservation, transaction_type, date_of_return, ISBN, user_id)
VALUES('1991-04-29 16:18:31', '2023-02-18 19:41:24', 25, 0, '1981-09-22 19:21:17', 0, '2006-03-30 08:13:31', 1086847964, 2);
INSERT INTO school_lib.`transaction`
(date_of_max_return, date_of_borrowing, transaction_id, transaction_status, date_of_reservation, transaction_type, date_of_return, ISBN, user_id)
VALUES('2009-11-17 11:09:45', '2023-02-27 18:18:03', 26, 0, '2016-06-12 05:23:22', 1, '2014-08-27 18:24:36', 3564339946, 7);
INSERT INTO school_lib.`transaction`
(date_of_max_return, date_of_borrowing, transaction_id, transaction_status, date_of_reservation, transaction_type, date_of_return, ISBN, user_id)
VALUES('2003-11-14 11:37:51', '2023-01-09 22:53:44', 27, 0, '2003-09-11 17:58:09', 0, '1987-03-17 03:43:01', 1881029380, 22);
INSERT INTO school_lib.`transaction`
(date_of_max_return, date_of_borrowing, transaction_id, transaction_status, date_of_reservation, transaction_type, date_of_return, ISBN, user_id)
VALUES('2019-03-07 00:58:14', '2022-12-23 07:46:11', 28, 0, '2016-08-27 03:00:24', 1, '1988-11-12 13:41:37', 2339601579, 41);
INSERT INTO school_lib.`transaction`
(date_of_max_return, date_of_borrowing, transaction_id, transaction_status, date_of_reservation, transaction_type, date_of_return, ISBN, user_id)
VALUES('2004-09-08 23:00:59', '2022-12-11 20:00:42', 29, 0, '1984-10-07 10:38:22', 1, '2010-05-14 07:53:06', 1373620112, 8);
INSERT INTO school_lib.`transaction`
(date_of_max_return, date_of_borrowing, transaction_id, transaction_status, date_of_reservation, transaction_type, date_of_return, ISBN, user_id)
VALUES('2007-01-17 00:40:05', '2022-11-13 20:52:21', 30, 0, '2011-12-07 14:28:32', 0, '1985-04-05 19:38:35', 1146634707, 3);
INSERT INTO school_lib.`transaction`
(date_of_max_return, date_of_borrowing, transaction_id, transaction_status, date_of_reservation, transaction_type, date_of_return, ISBN, user_id)
VALUES('1987-06-20 10:19:32', '2022-12-27 09:53:59', 31, 0, '1986-10-05 00:09:13', 0, '1986-06-26 23:02:00', 3318889281, 44);
INSERT INTO school_lib.`transaction`
(date_of_max_return, date_of_borrowing, transaction_id, transaction_status, date_of_reservation, transaction_type, date_of_return, ISBN, user_id)
VALUES('1987-10-16 16:28:57', '2022-10-05 02:31:22', 32, 0, '1995-12-08 14:00:14', 1, '1976-01-09 21:49:05', 2938674202, 45);
INSERT INTO school_lib.`transaction`
(date_of_max_return, date_of_borrowing, transaction_id, transaction_status, date_of_reservation, transaction_type, date_of_return, ISBN, user_id)
VALUES('2021-04-10 00:56:44', '2023-02-21 22:17:37', 33, 0, '2009-10-12 22:05:57', 0, '1975-07-10 06:18:00', 2541824557, 50);
INSERT INTO school_lib.`transaction`
(date_of_max_return, date_of_borrowing, transaction_id, transaction_status, date_of_reservation, transaction_type, date_of_return, ISBN, user_id)
VALUES('1998-02-21 09:16:21', '2023-02-16 04:58:21', 34, 0, '2012-05-08 18:43:43', 1, '2000-07-30 15:34:56', 2874081058, 2);
INSERT INTO school_lib.`transaction`
(date_of_max_return, date_of_borrowing, transaction_id, transaction_status, date_of_reservation, transaction_type, date_of_return, ISBN, user_id)
VALUES('2009-02-28 05:11:46', '2023-04-24 00:50:05', 35, 0, '1995-02-16 06:59:50', 0, '2008-11-28 04:20:01', 1230423418, 51);
INSERT INTO school_lib.`transaction`
(date_of_max_return, date_of_borrowing, transaction_id, transaction_status, date_of_reservation, transaction_type, date_of_return, ISBN, user_id)
VALUES('1995-08-06 22:14:10', '2022-06-08 02:45:58', 36, 0, '1990-12-30 05:53:58', 1, '1981-03-10 13:09:19', 1413600512, 10);
INSERT INTO school_lib.`transaction`
(date_of_max_return, date_of_borrowing, transaction_id, transaction_status, date_of_reservation, transaction_type, date_of_return, ISBN, user_id)
VALUES('1986-06-01 04:15:06', '2022-11-07 14:10:47', 37, 0, '2000-06-14 15:00:29', 0, '1979-02-02 16:54:43', 2352019659, 42);
INSERT INTO school_lib.`transaction`
(date_of_max_return, date_of_borrowing, transaction_id, transaction_status, date_of_reservation, transaction_type, date_of_return, ISBN, user_id)
VALUES('1997-05-15 12:04:22', '2022-12-09 04:30:20', 38, 0, '1974-02-01 14:09:57', 0, '1971-07-12 06:39:49', 4099084694, 37);
INSERT INTO school_lib.`transaction`
(date_of_max_return, date_of_borrowing, transaction_id, transaction_status, date_of_reservation, transaction_type, date_of_return, ISBN, user_id)
VALUES('1992-01-18 08:08:31', '2023-03-29 09:26:40', 39, 0, '2007-06-30 07:18:59', 1, '1978-08-05 18:48:16', 2786846406, 46);
INSERT INTO school_lib.`transaction`
(date_of_max_return, date_of_borrowing, transaction_id, transaction_status, date_of_reservation, transaction_type, date_of_return, ISBN, user_id)
VALUES('2002-11-30 16:16:12', '2022-10-01 08:30:06', 40, 0, '2020-06-13 04:16:20', 0, '2020-12-18 07:12:43', 2004872161, 29);
INSERT INTO school_lib.`transaction`
(date_of_max_return, date_of_borrowing, transaction_id, transaction_status, date_of_reservation, transaction_type, date_of_return, ISBN, user_id)
VALUES('1976-09-21 06:19:21', '2023-03-11 17:54:19', 41, 0, '2002-06-19 17:49:19', 1, '1973-06-17 23:16:34', 4283105764, 45);
INSERT INTO school_lib.`transaction`
(date_of_max_return, date_of_borrowing, transaction_id, transaction_status, date_of_reservation, transaction_type, date_of_return, ISBN, user_id)
VALUES('1977-01-03 01:37:03', '2022-07-03 17:47:32', 42, 0, '2014-11-26 19:37:30', 0, '1981-10-07 19:18:50', 3595302830, 23);
INSERT INTO school_lib.`transaction`
(date_of_max_return, date_of_borrowing, transaction_id, transaction_status, date_of_reservation, transaction_type, date_of_return, ISBN, user_id)
VALUES('2020-11-10 23:15:24', '2023-04-14 19:22:14', 43, 0, '1974-06-29 11:47:27', 1, '1973-12-01 02:27:11', 3918896331, 31);
INSERT INTO school_lib.`transaction`
(date_of_max_return, date_of_borrowing, transaction_id, transaction_status, date_of_reservation, transaction_type, date_of_return, ISBN, user_id)
VALUES('2020-06-02 15:41:20', '2022-09-07 10:52:42', 44, 0, '2002-01-06 18:46:46', 0, '2010-11-05 10:55:49', 3980133275, 34);
INSERT INTO school_lib.`transaction`
(date_of_max_return, date_of_borrowing, transaction_id, transaction_status, date_of_reservation, transaction_type, date_of_return, ISBN, user_id)
VALUES('1989-06-22 04:16:41', '2022-07-23 05:34:24', 45, 0, '1974-09-17 00:49:45', 0, '2022-05-22 02:06:32', 1230423418, 5);
INSERT INTO school_lib.`transaction`
(date_of_max_return, date_of_borrowing, transaction_id, transaction_status, date_of_reservation, transaction_type, date_of_return, ISBN, user_id)
VALUES('1979-07-31 04:07:17', '2022-12-31 08:08:12', 46, 0, '1989-10-23 18:11:33', 1, '1990-09-24 02:10:50', 1597754095, 14);
INSERT INTO school_lib.`transaction`
(date_of_max_return, date_of_borrowing, transaction_id, transaction_status, date_of_reservation, transaction_type, date_of_return, ISBN, user_id)
VALUES('2008-01-13 09:50:30', '2022-06-08 08:28:47', 47, 0, '1993-10-27 04:35:07', 1, '2021-05-27 23:09:48', 4294967295, 46);
INSERT INTO school_lib.`transaction`
(date_of_max_return, date_of_borrowing, transaction_id, transaction_status, date_of_reservation, transaction_type, date_of_return, ISBN, user_id)
VALUES('2002-10-21 12:22:37', '2023-04-27 05:57:29', 48, 0, '1975-03-13 03:22:27', 1, '2016-07-29 03:23:19', 1191406002, 50);
INSERT INTO school_lib.`transaction`
(date_of_max_return, date_of_borrowing, transaction_id, transaction_status, date_of_reservation, transaction_type, date_of_return, ISBN, user_id)
VALUES('2009-10-08 08:04:07', '2023-05-17 01:36:02', 49, 0, '2020-05-18 04:53:47', 0, '1979-03-21 03:50:07', 3045396509, 8);
INSERT INTO school_lib.`transaction`
(date_of_max_return, date_of_borrowing, transaction_id, transaction_status, date_of_reservation, transaction_type, date_of_return, ISBN, user_id)
VALUES('2005-01-20 16:42:36', '2022-11-29 18:07:47', 50, 0, '2006-03-17 05:50:46', 1, '2000-03-05 10:06:33', 4114515367, 38);
INSERT INTO school_lib.`transaction`
(date_of_max_return, date_of_borrowing, transaction_id, transaction_status, date_of_reservation, transaction_type, date_of_return, ISBN, user_id)
VALUES('2011-04-09 02:33:49', '2022-08-13 04:37:54', 51, 0, '1995-08-02 11:20:59', 0, '1974-08-05 01:45:11', 3382621102, 16);
INSERT INTO school_lib.`transaction`
(date_of_max_return, date_of_borrowing, transaction_id, transaction_status, date_of_reservation, transaction_type, date_of_return, ISBN, user_id)
VALUES('2017-06-02 20:12:05', '2023-02-05 21:58:40', 52, 0, '1998-03-18 01:40:05', 0, '1988-09-28 19:04:27', 1146634707, 49);
INSERT INTO school_lib.`transaction`
(date_of_max_return, date_of_borrowing, transaction_id, transaction_status, date_of_reservation, transaction_type, date_of_return, ISBN, user_id)
VALUES('1991-11-28 04:21:03', '2023-02-02 17:55:01', 53, 0, '2002-09-28 12:42:14', 1, '2000-10-01 10:30:00', 3630241589, 25);
INSERT INTO school_lib.`transaction`
(date_of_max_return, date_of_borrowing, transaction_id, transaction_status, date_of_reservation, transaction_type, date_of_return, ISBN, user_id)
VALUES('2014-10-21 04:56:02', '2023-03-29 13:21:21', 54, 0, '1992-10-20 15:38:43', 0, '2009-07-17 01:47:19', 4118466201, 39);
INSERT INTO school_lib.`transaction`
(date_of_max_return, date_of_borrowing, transaction_id, transaction_status, date_of_reservation, transaction_type, date_of_return, ISBN, user_id)
VALUES('2005-07-20 16:13:06', '2022-07-16 21:07:38', 55, 0, '2006-02-12 03:23:35', 0, '1996-12-10 17:25:00', 4118466201, 32);
INSERT INTO school_lib.`transaction`
(date_of_max_return, date_of_borrowing, transaction_id, transaction_status, date_of_reservation, transaction_type, date_of_return, ISBN, user_id)
VALUES('1982-10-28 23:39:42', '2022-12-27 20:55:02', 56, 0, '2005-07-17 11:44:49', 0, '1976-12-23 06:01:54', 1279530422, 7);
INSERT INTO school_lib.`transaction`
(date_of_max_return, date_of_borrowing, transaction_id, transaction_status, date_of_reservation, transaction_type, date_of_return, ISBN, user_id)
VALUES('1973-01-13 04:45:55', '2022-10-26 08:30:18', 57, 0, '1974-11-14 00:39:50', 1, '1971-04-20 11:02:51', 3424917105, 19);
INSERT INTO school_lib.`transaction`
(date_of_max_return, date_of_borrowing, transaction_id, transaction_status, date_of_reservation, transaction_type, date_of_return, ISBN, user_id)
VALUES('2022-08-23 17:29:29', '2022-06-15 06:05:13', 58, 0, '2018-04-01 19:31:07', 1, '2010-01-06 22:21:16', 3114297905, 11);
INSERT INTO school_lib.`transaction`
(date_of_max_return, date_of_borrowing, transaction_id, transaction_status, date_of_reservation, transaction_type, date_of_return, ISBN, user_id)
VALUES('1977-02-07 06:29:16', '2023-01-28 10:30:45', 59, 0, '2001-05-18 14:00:25', 1, '1992-09-19 21:48:10', 1649301220, 16);
INSERT INTO school_lib.`transaction`
(date_of_max_return, date_of_borrowing, transaction_id, transaction_status, date_of_reservation, transaction_type, date_of_return, ISBN, user_id)
VALUES('1982-11-23 19:16:00', '2023-05-17 21:26:39', 60, 0, '2006-12-16 03:48:56', 0, '1977-09-09 20:38:05', 3826918663, 30);
INSERT INTO school_lib.`transaction`
(date_of_max_return, date_of_borrowing, transaction_id, transaction_status, date_of_reservation, transaction_type, date_of_return, ISBN, user_id)
VALUES('2005-11-13 22:03:22', '2022-12-31 09:11:26', 61, 0, '1986-04-14 09:03:27', 1, '1983-12-21 22:37:34', 3401655907, 17);
INSERT INTO school_lib.`transaction`
(date_of_max_return, date_of_borrowing, transaction_id, transaction_status, date_of_reservation, transaction_type, date_of_return, ISBN, user_id)
VALUES('2002-03-23 16:15:04', '2023-02-28 00:45:52', 62, 0, '1972-10-11 15:36:57', 1, '1981-11-25 21:53:07', 3005780964, 7);
INSERT INTO school_lib.`transaction`
(date_of_max_return, date_of_borrowing, transaction_id, transaction_status, date_of_reservation, transaction_type, date_of_return, ISBN, user_id)
VALUES('2002-12-11 08:34:57', '2022-07-21 14:18:33', 63, 0, '1999-08-07 18:41:10', 1, '2011-10-02 18:09:43', 2209232827, 39);
INSERT INTO school_lib.`transaction`
(date_of_max_return, date_of_borrowing, transaction_id, transaction_status, date_of_reservation, transaction_type, date_of_return, ISBN, user_id)
VALUES('2012-01-24 01:33:50', '2023-04-11 10:32:08', 64, 0, '1995-11-04 18:25:58', 1, '1993-06-11 16:03:13', 2711594369, 47);
INSERT INTO school_lib.`transaction`
(date_of_max_return, date_of_borrowing, transaction_id, transaction_status, date_of_reservation, transaction_type, date_of_return, ISBN, user_id)
VALUES('1995-01-26 00:35:04', '2022-06-12 13:55:29', 65, 0, '2010-04-13 18:19:03', 1, '2005-08-21 03:49:11', 4234053780, 43);
INSERT INTO school_lib.`transaction`
(date_of_max_return, date_of_borrowing, transaction_id, transaction_status, date_of_reservation, transaction_type, date_of_return, ISBN, user_id)
VALUES('1985-02-04 08:43:52', '2023-01-06 07:20:20', 66, 0, '2011-06-05 12:15:57', 1, '1974-03-19 07:19:11', 2986646716, 5);
INSERT INTO school_lib.`transaction`
(date_of_max_return, date_of_borrowing, transaction_id, transaction_status, date_of_reservation, transaction_type, date_of_return, ISBN, user_id)
VALUES('2015-04-21 11:43:34', '2022-08-03 20:15:44', 67, 0, '1996-03-23 23:32:28', 1, '2011-06-22 08:04:45', 2151394262, 37);
INSERT INTO school_lib.`transaction`
(date_of_max_return, date_of_borrowing, transaction_id, transaction_status, date_of_reservation, transaction_type, date_of_return, ISBN, user_id)
VALUES('2013-10-18 05:17:16', '2023-01-17 16:18:14', 68, 0, '2003-11-10 14:42:33', 1, '2018-07-27 18:19:52', 3709974127, 27);
INSERT INTO school_lib.`transaction`
(date_of_max_return, date_of_borrowing, transaction_id, transaction_status, date_of_reservation, transaction_type, date_of_return, ISBN, user_id)
VALUES('2017-08-30 14:10:35', '2023-03-24 22:36:32', 69, 0, '1999-07-06 03:07:07', 0, '1991-07-19 02:25:41', 4075108600, 35);
INSERT INTO school_lib.`transaction`
(date_of_max_return, date_of_borrowing, transaction_id, transaction_status, date_of_reservation, transaction_type, date_of_return, ISBN, user_id)
VALUES('2001-05-23 06:35:32', '2022-09-28 09:59:35', 70, 0, '2008-10-06 07:04:03', 0, '1980-08-20 23:22:01', 1636263433, 15);
INSERT INTO school_lib.`transaction`
(date_of_max_return, date_of_borrowing, transaction_id, transaction_status, date_of_reservation, transaction_type, date_of_return, ISBN, user_id)
VALUES('2021-08-14 03:31:43', '2022-08-24 20:00:58', 71, 0, '1981-08-08 16:43:07', 0, '1980-12-03 11:56:39', 4172576783, 41);
INSERT INTO school_lib.`transaction`
(date_of_max_return, date_of_borrowing, transaction_id, transaction_status, date_of_reservation, transaction_type, date_of_return, ISBN, user_id)
VALUES('1989-07-29 00:38:40', '2022-08-28 03:03:42', 72, 0, '1970-10-15 23:51:18', 0, '2011-11-15 13:13:35', 3404826024, 18);
INSERT INTO school_lib.`transaction`
(date_of_max_return, date_of_borrowing, transaction_id, transaction_status, date_of_reservation, transaction_type, date_of_return, ISBN, user_id)
VALUES('1973-09-19 01:05:34', '2022-11-25 19:39:13', 73, 0, '1980-05-25 22:37:02', 1, '2000-07-30 01:53:21', 4255233380, 44);
INSERT INTO school_lib.`transaction`
(date_of_max_return, date_of_borrowing, transaction_id, transaction_status, date_of_reservation, transaction_type, date_of_return, ISBN, user_id)
VALUES('2007-01-13 13:29:12', '2023-03-11 18:29:29', 74, 0, '1980-08-17 08:15:30', 1, '1998-12-08 11:09:09', 4076353662, 36);
INSERT INTO school_lib.`transaction`
(date_of_max_return, date_of_borrowing, transaction_id, transaction_status, date_of_reservation, transaction_type, date_of_return, ISBN, user_id)
VALUES('1984-11-19 05:51:40', '2022-07-02 08:59:45', 75, 0, '1996-03-12 18:06:58', 0, '2003-05-28 02:08:57', 3703629765, 26);
INSERT INTO school_lib.`transaction`
(date_of_max_return, date_of_borrowing, transaction_id, transaction_status, date_of_reservation, transaction_type, date_of_return, ISBN, user_id)
VALUES('1978-05-21 01:10:50', '2022-09-30 15:01:24', 76, 0, '1984-01-24 08:20:45', 1, '2011-09-08 19:33:57', 3046490378, 9);
INSERT INTO school_lib.`transaction`
(date_of_max_return, date_of_borrowing, transaction_id, transaction_status, date_of_reservation, transaction_type, date_of_return, ISBN, user_id)
VALUES('2019-02-22 05:08:47', '2022-10-21 01:14:14', 77, 0, '2006-05-02 08:21:16', 1, '2006-08-21 23:29:54', 2808868455, 1);
INSERT INTO school_lib.`transaction`
(date_of_max_return, date_of_borrowing, transaction_id, transaction_status, date_of_reservation, transaction_type, date_of_return, ISBN, user_id)
VALUES('2022-10-17 20:40:33', '2023-03-29 03:51:34', 78, 0, '1991-01-22 18:19:14', 1, '1973-07-03 12:41:52', 1734732728, 18);
INSERT INTO school_lib.`transaction`
(date_of_max_return, date_of_borrowing, transaction_id, transaction_status, date_of_reservation, transaction_type, date_of_return, ISBN, user_id)
VALUES('2019-08-08 14:03:37', '2022-12-03 03:02:09', 79, 0, '2008-09-21 03:37:26', 1, '1973-07-17 22:40:18', 2987223833, 6);
INSERT INTO school_lib.`transaction`
(date_of_max_return, date_of_borrowing, transaction_id, transaction_status, date_of_reservation, transaction_type, date_of_return, ISBN, user_id)
VALUES('1993-10-01 19:44:52', '2023-03-20 16:20:58', 80, 0, '1999-02-23 01:46:57', 1, '1975-06-22 22:11:09', 1252364469, 6);
INSERT INTO school_lib.`transaction`
(date_of_max_return, date_of_borrowing, transaction_id, transaction_status, date_of_reservation, transaction_type, date_of_return, ISBN, user_id)
VALUES('2019-05-11 11:22:41', '2022-11-14 12:21:30', 81, 0, '2020-05-14 16:16:24', 0, '1978-11-04 01:49:53', 3772760191, 29);
INSERT INTO school_lib.`transaction`
(date_of_max_return, date_of_borrowing, transaction_id, transaction_status, date_of_reservation, transaction_type, date_of_return, ISBN, user_id)
VALUES('1999-01-30 16:14:12', '2023-04-07 13:48:06', 82, 0, '1973-11-08 05:26:59', 1, '1989-11-16 03:11:42', 1389010684, 48);
INSERT INTO school_lib.`transaction`
(date_of_max_return, date_of_borrowing, transaction_id, transaction_status, date_of_reservation, transaction_type, date_of_return, ISBN, user_id)
VALUES('1978-03-06 01:29:30', '2023-02-10 20:44:56', 83, 0, '1994-01-24 01:24:16', 1, '2015-04-28 03:00:25', 2198073157, 38);
INSERT INTO school_lib.`transaction`
(date_of_max_return, date_of_borrowing, transaction_id, transaction_status, date_of_reservation, transaction_type, date_of_return, ISBN, user_id)
VALUES('2021-01-28 18:51:08', '2022-07-10 05:54:17', 84, 0, '1981-03-17 14:25:49', 1, '2021-06-15 13:29:48', 2362905305, 43);
INSERT INTO school_lib.`transaction`
(date_of_max_return, date_of_borrowing, transaction_id, transaction_status, date_of_reservation, transaction_type, date_of_return, ISBN, user_id)
VALUES('1982-01-04 02:40:15', '2022-07-09 14:30:58', 85, 0, '2005-04-14 02:05:53', 1, '2009-11-11 20:59:38', 1917004279, 27);
INSERT INTO school_lib.`transaction`
(date_of_max_return, date_of_borrowing, transaction_id, transaction_status, date_of_reservation, transaction_type, date_of_return, ISBN, user_id)
VALUES('1985-01-07 05:27:53', '2022-08-28 15:23:04', 86, 0, '1985-05-30 12:25:12', 0, '2020-03-02 07:43:15', 3567504627, 22);
INSERT INTO school_lib.`transaction`
(date_of_max_return, date_of_borrowing, transaction_id, transaction_status, date_of_reservation, transaction_type, date_of_return, ISBN, user_id)
VALUES('1978-12-19 09:16:55', '2023-05-12 12:48:42', 87, 0, '2009-03-08 08:20:25', 1, '1982-05-06 00:00:14', 1071953916, 1);
INSERT INTO school_lib.`transaction`
(date_of_max_return, date_of_borrowing, transaction_id, transaction_status, date_of_reservation, transaction_type, date_of_return, ISBN, user_id)
VALUES('1988-12-30 01:09:50', '2022-08-05 04:25:38', 88, 0, '1971-03-14 13:45:59', 1, '2005-12-14 13:52:02', 3623405466, 24);
INSERT INTO school_lib.`transaction`
(date_of_max_return, date_of_borrowing, transaction_id, transaction_status, date_of_reservation, transaction_type, date_of_return, ISBN, user_id)
VALUES('1975-09-02 22:30:35', '2022-07-26 12:59:42', 89, 0, '1997-10-09 04:36:57', 0, '1971-11-28 23:24:34', 3509802907, 20);
INSERT INTO school_lib.`transaction`
(date_of_max_return, date_of_borrowing, transaction_id, transaction_status, date_of_reservation, transaction_type, date_of_return, ISBN, user_id)
VALUES('2010-05-01 15:38:43', '2022-11-30 08:08:43', 90, 0, '1995-02-21 13:24:49', 1, '2021-12-22 06:08:37', 2507344536, 47);
INSERT INTO school_lib.`transaction`
(date_of_max_return, date_of_borrowing, transaction_id, transaction_status, date_of_reservation, transaction_type, date_of_return, ISBN, user_id)
VALUES('1981-12-13 19:10:44', '2023-01-29 03:17:38', 91, 0, '1996-11-02 23:44:00', 1, '2007-09-22 05:32:59', 1906007459, 25);
INSERT INTO school_lib.`transaction`
(date_of_max_return, date_of_borrowing, transaction_id, transaction_status, date_of_reservation, transaction_type, date_of_return, ISBN, user_id)
VALUES('1985-02-09 05:35:36', '2023-05-30 17:03:40', 92, 0, '1970-08-05 13:24:12', 1, '1983-02-01 16:55:59', 2045083548, 32);
INSERT INTO school_lib.`transaction`
(date_of_max_return, date_of_borrowing, transaction_id, transaction_status, date_of_reservation, transaction_type, date_of_return, ISBN, user_id)
VALUES('1992-02-24 12:54:08', '2022-07-01 22:21:54', 93, 0, '1984-11-22 15:44:42', 0, '2000-03-07 18:24:05', 3154062454, 12);
INSERT INTO school_lib.`transaction`
(date_of_max_return, date_of_borrowing, transaction_id, transaction_status, date_of_reservation, transaction_type, date_of_return, ISBN, user_id)
VALUES('2021-02-13 05:46:59', '2022-09-12 15:20:54', 94, 0, '2007-12-06 12:28:40', 0, '1978-11-30 17:03:38', 1769821979, 20);
INSERT INTO school_lib.`transaction`
(date_of_max_return, date_of_borrowing, transaction_id, transaction_status, date_of_reservation, transaction_type, date_of_return, ISBN, user_id)
VALUES('1998-01-14 15:50:21', '2023-04-05 13:42:12', 95, 0, '1993-10-14 21:39:05', 1, '1996-06-25 18:53:38', 1252364469, 49);
INSERT INTO school_lib.`transaction`
(date_of_max_return, date_of_borrowing, transaction_id, transaction_status, date_of_reservation, transaction_type, date_of_return, ISBN, user_id)
VALUES('2005-05-25 08:31:37', '2023-05-01 14:21:38', 96, 0, '2004-07-15 03:11:57', 1, '1984-07-12 11:41:50', 2381383789, 44);
INSERT INTO school_lib.`transaction`
(date_of_max_return, date_of_borrowing, transaction_id, transaction_status, date_of_reservation, transaction_type, date_of_return, ISBN, user_id)
VALUES('2012-08-03 05:25:36', '2023-01-31 02:45:12', 97, 0, '1979-11-12 07:28:45', 0, '1988-03-27 19:18:01', 1433321773, 11);
INSERT INTO school_lib.`transaction`
(date_of_max_return, date_of_borrowing, transaction_id, transaction_status, date_of_reservation, transaction_type, date_of_return, ISBN, user_id)
VALUES('1987-06-05 09:45:49', '2022-08-10 10:39:19', 98, 0, '1970-07-26 22:29:08', 1, '2002-01-28 03:45:34', 2022488326, 31);
INSERT INTO school_lib.`transaction`
(date_of_max_return, date_of_borrowing, transaction_id, transaction_status, date_of_reservation, transaction_type, date_of_return, ISBN, user_id)
VALUES('1976-01-13 21:21:46', '2022-10-06 04:05:33', 99, 0, '2017-10-08 00:10:35', 0, '1982-04-17 17:59:41', 1565072107, 13);
INSERT INTO school_lib.`transaction`
(date_of_max_return, date_of_borrowing, transaction_id, transaction_status, date_of_reservation, transaction_type, date_of_return, ISBN, user_id)
VALUES('1990-06-27 23:18:48', '2022-12-04 21:31:48', 100, 0, '1990-04-05 02:04:00', 1, '1993-03-13 13:32:30', 1915803524, 26);
INSERT INTO school_lib.`transaction`
(date_of_max_return, date_of_borrowing, transaction_id, transaction_status, date_of_reservation, transaction_type, date_of_return, ISBN, user_id)
VALUES('2017-08-25 21:39:19', '2022-11-16 23:19:22', 101, 0, '2020-11-05 05:01:45', 0, '1988-01-30 06:34:50', 2094614387, 34);
INSERT INTO school_lib.`transaction`
(date_of_max_return, date_of_borrowing, transaction_id, transaction_status, date_of_reservation, transaction_type, date_of_return, ISBN, user_id)
VALUES('2020-04-27 02:07:43', '2023-04-24 01:35:01', 102, 0, '1983-02-17 05:49:11', 1, '2013-09-05 15:34:37', 2784526064, 50);
INSERT INTO school_lib.`transaction`
(date_of_max_return, date_of_borrowing, transaction_id, transaction_status, date_of_reservation, transaction_type, date_of_return, ISBN, user_id)
VALUES('2000-04-20 14:57:31', '2022-10-16 13:47:28', 103, 0, '1987-02-05 14:11:40', 1, '2019-09-08 16:16:16', 2784526064, 33);
INSERT INTO school_lib.`transaction`
(date_of_max_return, date_of_borrowing, transaction_id, transaction_status, date_of_reservation, transaction_type, date_of_return, ISBN, user_id)
VALUES('1976-08-21 13:46:33', '2023-01-23 15:34:50', 104, 0, '2023-01-11 23:08:28', 1, '2002-02-08 17:12:05', 1071953916, 47);
INSERT INTO school_lib.`transaction`
(date_of_max_return, date_of_borrowing, transaction_id, transaction_status, date_of_reservation, transaction_type, date_of_return, ISBN, user_id)
VALUES('2020-02-27 06:28:18', '2023-03-30 16:54:41', 105, 0, '2021-04-22 02:19:07', 1, '1979-08-02 00:24:24', 2584479192, 51);
INSERT INTO school_lib.`transaction`
(date_of_max_return, date_of_borrowing, transaction_id, transaction_status, date_of_reservation, transaction_type, date_of_return, ISBN, user_id)
VALUES('2000-06-08 09:15:25', '2022-09-03 00:55:37', 106, 0, '2002-10-12 18:51:03', 0, '2003-01-04 18:07:29', 3210839127, 14);
INSERT INTO school_lib.`transaction`
(date_of_max_return, date_of_borrowing, transaction_id, transaction_status, date_of_reservation, transaction_type, date_of_return, ISBN, user_id)
VALUES('2018-07-23 07:20:57', '2023-05-07 09:12:39', 107, 0, '2001-01-24 04:04:05', 0, '2018-04-26 09:50:09', 3167692277, 13);
INSERT INTO school_lib.`transaction`
(date_of_max_return, date_of_borrowing, transaction_id, transaction_status, date_of_reservation, transaction_type, date_of_return, ISBN, user_id)
VALUES('1984-12-15 17:37:07', '2022-12-23 20:13:26', 108, 0, '1971-11-07 12:36:04', 0, '2019-12-02 16:26:24', 2134658685, 36);
INSERT INTO school_lib.`transaction`
(date_of_max_return, date_of_borrowing, transaction_id, transaction_status, date_of_reservation, transaction_type, date_of_return, ISBN, user_id)
VALUES('1996-02-23 05:44:50', '2022-12-04 23:39:40', 109, 0, '2017-10-12 00:17:53', 2, '1984-07-18 04:51:39', 1191406002, 4);
INSERT INTO school_lib.`transaction`
(date_of_max_return, date_of_borrowing, transaction_id, transaction_status, date_of_reservation, transaction_type, date_of_return, ISBN, user_id)
VALUES('1979-04-04 16:15:45', '2022-12-02 04:52:31', 110, 0, '1976-06-16 03:10:55', 1, '1999-12-21 13:11:05', 1086847964, 48);
INSERT INTO school_lib.`transaction`
(date_of_max_return, date_of_borrowing, transaction_id, transaction_status, date_of_reservation, transaction_type, date_of_return, ISBN, user_id)
VALUES(NULL, '2023-05-30 13:35:03', 130, 0, NULL, 0, NULL, 1252364469, NULL);
INSERT INTO school_lib.`transaction`
(date_of_max_return, date_of_borrowing, transaction_id, transaction_status, date_of_reservation, transaction_type, date_of_return, ISBN, user_id)
VALUES(NULL, '2023-05-30 14:59:23', 163, 0, NULL, 0, NULL, 4172576783, 1);
INSERT INTO school_lib.`transaction`
(date_of_max_return, date_of_borrowing, transaction_id, transaction_status, date_of_reservation, transaction_type, date_of_return, ISBN, user_id)
VALUES(NULL, '2023-05-30 15:00:50', 164, 0, NULL, 0, NULL, 1086847964, 1);
INSERT INTO school_lib.`transaction`
(date_of_max_return, date_of_borrowing, transaction_id, transaction_status, date_of_reservation, transaction_type, date_of_return, ISBN, user_id)
VALUES(NULL, '2023-05-30 15:14:24', 167, 0, NULL, 0, NULL, 1191406002, 1);
INSERT INTO school_lib.`transaction`
(date_of_max_return, date_of_borrowing, transaction_id, transaction_status, date_of_reservation, transaction_type, date_of_return, ISBN, user_id)
VALUES(NULL, '2023-05-30 15:14:25', 168, 0, NULL, 0, NULL, 1191406002, 1);
INSERT INTO school_lib.`transaction`
(date_of_max_return, date_of_borrowing, transaction_id, transaction_status, date_of_reservation, transaction_type, date_of_return, ISBN, user_id)
VALUES(NULL, '2023-05-30 15:14:31', 169, 0, NULL, 0, NULL, 1191406002, 1);
INSERT INTO school_lib.`transaction`
(date_of_max_return, date_of_borrowing, transaction_id, transaction_status, date_of_reservation, transaction_type, date_of_return, ISBN, user_id)
VALUES('2023-06-02 13:19:23', '2023-06-02 13:19:23', 173, 0, '2023-06-02 13:19:23', 1, '2023-06-02 13:19:23', 3210839127, 2);
INSERT INTO school_lib.`transaction`
(date_of_max_return, date_of_borrowing, transaction_id, transaction_status, date_of_reservation, transaction_type, date_of_return, ISBN, user_id)
VALUES('2023-06-02 13:23:15', '2023-06-02 13:23:15', 174, 0, '2023-06-02 13:23:15', 1, '2023-06-02 13:23:15', 2094614387, 3);
INSERT INTO school_lib.`transaction`
(date_of_max_return, date_of_borrowing, transaction_id, transaction_status, date_of_reservation, transaction_type, date_of_return, ISBN, user_id)
VALUES('2023-06-02 13:35:26', '2023-06-02 13:35:26', 177, 0, '2023-06-02 13:35:26', 1, '2023-06-02 13:35:26', 2004872161, 55);
INSERT INTO school_lib.`transaction`
(date_of_max_return, date_of_borrowing, transaction_id, transaction_status, date_of_reservation, transaction_type, date_of_return, ISBN, user_id)
VALUES(NULL, NULL, 252, 0, '2023-06-03 16:29:28', 0, NULL, 1906007459, 53);

-- 8)TABLE:review

INSERT INTO school_lib.review
(review_status, date_of_review, review_id, ISBN, text_of_review, user_id, likert_rating)
VALUES(0, '1993-10-20 19:13:02', 1, 1690705637, 'Perspiciatis ea laboriosam voluptates neque consectetur dolor perspiciatis rerum. Alias vitae sint deleniti et et ratione aut. Ullam laudantium asperiores quas harum rerum asperiores omnis modi.', 17, '2');
INSERT INTO school_lib.review
(review_status, date_of_review, review_id, ISBN, text_of_review, user_id, likert_rating)
VALUES(0, '2023-01-26 08:01:16', 2, 1279530422, 'Accusantium ut nostrum voluptatem quibusdam. Id fugit voluptatem porro reprehenderit. Fugiat minus necessitatibus et aut. Quia id rerum reiciendis quia.', 7, '4');
INSERT INTO school_lib.review
(review_status, date_of_review, review_id, ISBN, text_of_review, user_id, likert_rating)
VALUES(0, '1975-04-05 08:05:04', 3, 1734732728, 'Optio est minima placeat repellat adipisci itaque fugit. In commodi aut animi officia eius qui laborum aut. Minus omnis in voluptas qui.', 18, '5');
INSERT INTO school_lib.review
(review_status, date_of_review, review_id, ISBN, text_of_review, user_id, likert_rating)
VALUES(0, '1992-10-21 22:42:18', 4, 1750578633, 'Nihil quae quo voluptatem blanditiis a ipsum. Aperiam ipsa et in tenetur perspiciatis. Qui non laudantium quibusdam voluptatem magnam quibusdam eveniet.', 19, '2');
INSERT INTO school_lib.review
(review_status, date_of_review, review_id, ISBN, text_of_review, user_id, likert_rating)
VALUES(0, '2017-05-11 14:37:03', 5, 1389010684, 'Exercitationem est delectus expedita ex et qui. Nemo commodi aperiam et quod rerum cumque ut. Eius omnis aut officiis voluptates corporis. Alias dolore velit non et reiciendis dolorum dolor dolor.', 9, '3');
INSERT INTO school_lib.review
(review_status, date_of_review, review_id, ISBN, text_of_review, user_id, likert_rating)
VALUES(0, '2018-01-06 16:15:02', 6, 1565072107, 'Vel deleniti ut suscipit placeat ut nulla. Necessitatibus consequatur aliquid voluptas optio consequuntur qui. Aut ipsa nostrum perferendis voluptatem in pariatur impedit. Qui minus cupiditate laboriosam sit.', 13, '4');
INSERT INTO school_lib.review
(review_status, date_of_review, review_id, ISBN, text_of_review, user_id, likert_rating)
VALUES(0, '1976-09-05 14:26:44', 7, 1636263433, 'Quisquam aut qui molestiae tenetur et dolor. Consequatur voluptatum fugiat voluptates. Eligendi nisi et odio suscipit ullam sit.', 15, '4');
INSERT INTO school_lib.review
(review_status, date_of_review, review_id, ISBN, text_of_review, user_id, likert_rating)
VALUES(0, '1985-09-21 11:52:32', 8, 1086847964, 'Sunt incidunt fuga vel dolor voluptas. Possimus ut eum vero et sunt dicta labore accusamus. Iusto omnis voluptas consequuntur. Nisi non facilis incidunt fuga.', 2, '5');
INSERT INTO school_lib.review
(review_status, date_of_review, review_id, ISBN, text_of_review, user_id, likert_rating)
VALUES(0, '2015-09-08 13:00:07', 9, 1769821979, 'Eos ullam ea quidem ipsum illo et ex eum. Minima omnis nobis autem at consectetur.', 20, '1');
INSERT INTO school_lib.review
(review_status, date_of_review, review_id, ISBN, text_of_review, user_id, likert_rating)
VALUES(0, '1990-10-29 03:24:03', 10, 1433321773, 'Vel vel temporibus et quidem dicta. Et ducimus debitis occaecati similique. Minus culpa enim quibusdam accusantium autem.', 7, '5');
INSERT INTO school_lib.review
(review_status, date_of_review, review_id, ISBN, text_of_review, user_id, likert_rating)
VALUES(0, '2018-12-22 19:41:07', 11, 1191406002, 'Incidunt qui nostrum ipsam distinctio eos et. In sunt ipsum qui eum sit. Et accusamus eos optio labore totam omnis tempora.', 4, '2');
INSERT INTO school_lib.review
(review_status, date_of_review, review_id, ISBN, text_of_review, user_id, likert_rating)
VALUES(0, '2018-08-09 23:32:28', 12, 1373620112, 'Sequi corporis modi consequatur dolorum. Culpa quia aut blanditiis voluptas repellendus ut dolorem. Ullam corporis nihil sed qui. Est veritatis vitae sapiente omnis necessitatibus.', 8, '3');
INSERT INTO school_lib.review
(review_status, date_of_review, review_id, ISBN, text_of_review, user_id, likert_rating)
VALUES(0, '1976-05-07 15:44:05', 13, 1230423418, 'Quia ex vel velit nemo qui sit rem. Assumenda distinctio est inventore qui occaecati et facilis. Sint ratione itaque repudiandae voluptas iure qui.', 7, '3');
INSERT INTO school_lib.review
(review_status, date_of_review, review_id, ISBN, text_of_review, user_id, likert_rating)
VALUES(0, '2011-06-12 17:05:09', 14, 1413600512, 'Earum id rerum a voluptatum voluptatibus voluptatem corporis. Nihil nihil dolorum eos veritatis cum natus. Explicabo ut nulla eum ut consequatur mollitia.', 10, '3');
INSERT INTO school_lib.review
(review_status, date_of_review, review_id, ISBN, text_of_review, user_id, likert_rating)
VALUES(0, '1973-07-09 15:25:08', 15, 1252364469, 'Aliquam omnis vitae maxime ea. Alias doloribus dicta modi assumenda ratione cum occaecati. Commodi sapiente dolorum consectetur ipsam aliquid et.', 6, '4');
INSERT INTO school_lib.review
(review_status, date_of_review, review_id, ISBN, text_of_review, user_id, likert_rating)
VALUES(0, '1998-08-13 06:02:56', 16, 1487567215, 'At asperiores mollitia natus. Atque est eum reiciendis. Est velit voluptas dolorem quia vero. Nam quam quia dolorem alias ratione doloremque aliquid qui.', 12, '4');
INSERT INTO school_lib.review
(review_status, date_of_review, review_id, ISBN, text_of_review, user_id, likert_rating)
VALUES(0, '1991-07-01 08:11:16', 17, 1071953916, 'Quis ullam necessitatibus velit adipisci eum. Aut expedita pariatur at.', 1, '5');
INSERT INTO school_lib.review
(review_status, date_of_review, review_id, ISBN, text_of_review, user_id, likert_rating)
VALUES(0, '1988-11-16 11:03:55', 18, 1649301220, 'Corporis ut cum tempora voluptates quo est quia beatae. Veritatis quasi cupiditate dolores numquam. Non explicabo ducimus dolor dolores a.', 16, '5');
INSERT INTO school_lib.review
(review_status, date_of_review, review_id, ISBN, text_of_review, user_id, likert_rating)
VALUES(0, '2005-01-25 17:39:52', 19, 1146634707, 'Ipsam eius qui et explicabo quia dolores sunt. Pariatur et cupiditate quia in in. Sapiente blanditiis vel velit est.', 1, '1');
INSERT INTO school_lib.review
(review_status, date_of_review, review_id, ISBN, text_of_review, user_id, likert_rating)
VALUES(0, '1980-07-22 00:18:22', 20, 1597754095, 'Facere molestias optio nemo magnam tempora. Doloremque reprehenderit magni error. Quisquam a consequatur tempore consectetur. Quas voluptatem deleniti pariatur consectetur aut molestiae.', 14, '3');

